"Txhash","Blockno","UnixTimestamp","DateTime","From","To","ContractAddress","Value_IN(ETH)","Value_OUT(ETH)","CurrentValue @ $4787.31/Eth","TxnFee(ETH)","TxnFee(USD)","Historical $Price/Eth","Status","ErrCode","Method"
"0xeea07def9b1f55ce5c8f3819f65519775685f27934247decd7a43347f1414e58","13505438","1635420220","2021-10-28 11:23:40","0x0444ad5f72d3a63fff5992d07afe4beca1ba9810","","0xf1d1a5306daae314af6c5d027a492b313e07e1a0","0","0","0","0.483301885240573903","2313.71594823105","4288.22","","","0x60806040",""
"0xbc31b910331d2a72f835f6e7b8472a3376c9fe1fb27a47c80743bba9f6139f40","13505882","1635426111","2021-10-28 13:01:51","0x0444ad5f72d3a63fff5992d07afe4beca1ba9810","0xf1d1a5306daae314af6c5d027a492b313e07e1a0","","0","0","0","0.03249584202999816","155.567669508631","4288.22","","","Update Wallets",""
"0x0468273be32958aea9c6e9c1810c066eddb0ac5aea0b4f258d5657fa4138729c","13506040","1635428087","2021-10-28 13:34:47","0x0444ad5f72d3a63fff5992d07afe4beca1ba9810","0xf1d1a5306daae314af6c5d027a492b313e07e1a0","","0","0","0","0.00368214660670205","17.6275772717308","4288.22","","","Update Owner",""
"0xb0fcd3c436bc04389d872f68e8c3e812e22569f335dfbf7eaa4b926113363d72","13506117","1635429277","2021-10-28 13:54:37","0x4c572c71a419b75a52e98bde7f2a843aff47fe06","0xf1d1a5306daae314af6c5d027a492b313e07e1a0","","0","0","0","0.012670224470440434","60.6562923095842","4288.22","","","Public Sale Withdraw",""
"0x16707373c486b625de864a0f9076f9f8ed21d95cf33419d179d93ab12edb36af","13511779","1635506572","2021-10-29 11:22:52","0x894b23e979fcc8f604c41b850ab2021d4e1a623b","0xf1d1a5306daae314af6c5d027a492b313e07e1a0","","0","0","0","0.007092923","33.95602120713","4417.40","","","Approve",""
"0xc186a5b9141884668376b07bbe6a16bba17ea2106f8803f36d53cf56665e59d6","13537071","1635850053","2021-11-02 10:47:33","0x4c572c71a419b75a52e98bde7f2a843aff47fe06","0xf1d1a5306daae314af6c5d027a492b313e07e1a0","","0","0","0","0.006756633255202602","32.346097948964","4593.15","","","Transfer",""
"0xb2c4f41edd9d994f38eb1bcf68667f94433c05f0f1212ea5576357d7178ec6ce","13538489","1635869073","2021-11-02 16:04:33","0x6b2d066926824225d8fd1810cd1ce0aa61657de0","0xf1d1a5306daae314af6c5d027a492b313e07e1a0","","0","0","0","0.010413252165201808","49.8514662229923","4593.15","","","Set Buyer Tokens",""
"0x2a9eb3a1ee2d8ee857bb91afe09faebca2fc39f060a7055be39aeaebd409deea","13538489","1635869073","2021-11-02 16:04:33","0x6b2d066926824225d8fd1810cd1ce0aa61657de0","0xf1d1a5306daae314af6c5d027a492b313e07e1a0","","0","0","0","0.007857911493626896","37.618258272555","4593.15","","","Set Buyer Tokens",""
"0x4c7e47329d5b4462c80edb51f168fa28ffcc72a213e8d3ecb136ffad9c799ca0","13538671","1635871640","2021-11-02 16:47:20","0x6b2d066926824225d8fd1810cd1ce0aa61657de0","0xf1d1a5306daae314af6c5d027a492b313e07e1a0","","0","0","0","0.007381281027049027","35.3364804736021","4593.15","","","Set Buyer Tokens",""
"0x35606a285b32858113cd5753266a62813b4af6d239fa3aaca2f037e1bddd3e63","13538671","1635871640","2021-11-02 16:47:20","0x6b2d066926824225d8fd1810cd1ce0aa61657de0","0xf1d1a5306daae314af6c5d027a492b313e07e1a0","","0","0","0","0.007381281027049027","35.3364804736021","4593.15","","","Set Buyer Tokens",""
"0x043ac27eed825b9afdf9552a900f2317963aa77bdd7ccf767096a1d279a37390","13538671","1635871640","2021-11-02 16:47:20","0x6b2d066926824225d8fd1810cd1ce0aa61657de0","0xf1d1a5306daae314af6c5d027a492b313e07e1a0","","0","0","0","0.007381281027049027","35.3364804736021","4593.15","","","Set Buyer Tokens",""
"0x8cd928f875d22366ef2bf20a935d3f33609fd50612c25e364ed86f94f2570965","13538671","1635871640","2021-11-02 16:47:20","0x6b2d066926824225d8fd1810cd1ce0aa61657de0","0xf1d1a5306daae314af6c5d027a492b313e07e1a0","","0","0","0","0.007381281027049027","35.3364804736021","4593.15","","","Set Buyer Tokens",""
"0xb64ebb4fe708a6fd1af06a722cb1809c56e48480d9ad53879b19e9a7020df06d","13538671","1635871640","2021-11-02 16:47:20","0x6b2d066926824225d8fd1810cd1ce0aa61657de0","0xf1d1a5306daae314af6c5d027a492b313e07e1a0","","0","0","0","0.007381281027049027","35.3364804736021","4593.15","","","Set Buyer Tokens",""
"0x2bf12816b944dd449204c402fd4f3ff51643bfe6bceae8b3d30711968c18eaa9","13538671","1635871640","2021-11-02 16:47:20","0x6b2d066926824225d8fd1810cd1ce0aa61657de0","0xf1d1a5306daae314af6c5d027a492b313e07e1a0","","0","0","0","0.007381281027049027","35.3364804736021","4593.15","","","Set Buyer Tokens",""
"0xb99571bb3904b7110287f0f20f6ed5ae0fc7b2c8e7abfb28ace55ec12f40b0f1","13538671","1635871640","2021-11-02 16:47:20","0x6b2d066926824225d8fd1810cd1ce0aa61657de0","0xf1d1a5306daae314af6c5d027a492b313e07e1a0","","0","0","0","0.007381281027049027","35.3364804736021","4593.15","","","Set Buyer Tokens",""
"0xf55fa997c6d3dd580ea00be0e0d06abb5dd64f3296a4aa1faace6e3561f7477f","13538671","1635871640","2021-11-02 16:47:20","0x6b2d066926824225d8fd1810cd1ce0aa61657de0","0xf1d1a5306daae314af6c5d027a492b313e07e1a0","","0","0","0","0.007379598140412799","35.3284239735796","4593.15","","","Set Buyer Tokens",""
"0x10be0a20928d40f683c3db556c5f623bb23b29a36ece24f525663db4e78417c9","13538671","1635871640","2021-11-02 16:47:20","0x6b2d066926824225d8fd1810cd1ce0aa61657de0","0xf1d1a5306daae314af6c5d027a492b313e07e1a0","","0","0","0","0.007381281027049027","35.3364804736021","4593.15","","","Set Buyer Tokens",""
"0x11470864449737e7a0c47a09a59a26fd9880f67a64df9cd62aec0a31b84fd850","13538671","1635871640","2021-11-02 16:47:20","0x6b2d066926824225d8fd1810cd1ce0aa61657de0","0xf1d1a5306daae314af6c5d027a492b313e07e1a0","","0","0","0","0.007381281027049027","35.3364804736021","4593.15","","","Set Buyer Tokens",""
"0x7e579ceaf4f04286c774a1c3acafb7f6177543b37334adab5ffb378189777b98","13538671","1635871640","2021-11-02 16:47:20","0x6b2d066926824225d8fd1810cd1ce0aa61657de0","0xf1d1a5306daae314af6c5d027a492b313e07e1a0","","0","0","0","0.007381281027049027","35.3364804736021","4593.15","","","Set Buyer Tokens",""
"0x490f9bd83cbd6a8522cfb84f73dc6b37adf53484946352dc666cc556511de814","13538671","1635871640","2021-11-02 16:47:20","0x6b2d066926824225d8fd1810cd1ce0aa61657de0","0xf1d1a5306daae314af6c5d027a492b313e07e1a0","","0","0","0","0.007381281027049027","35.3364804736021","4593.15","","","Set Buyer Tokens",""
"0x57a2e489c8c15225b8d3790926df16b8d48e69118d1ff8aeed0e069d0fa367de","13538671","1635871640","2021-11-02 16:47:20","0x6b2d066926824225d8fd1810cd1ce0aa61657de0","0xf1d1a5306daae314af6c5d027a492b313e07e1a0","","0","0","0","0.007381281027049027","35.3364804736021","4593.15","","","Set Buyer Tokens",""
"0xc9ce45a32cd6fffe8a466f62b57363a0088b6da5fe90cbb062d63f7fa88afd9f","13538671","1635871640","2021-11-02 16:47:20","0x6b2d066926824225d8fd1810cd1ce0aa61657de0","0xf1d1a5306daae314af6c5d027a492b313e07e1a0","","0","0","0","0.007381281027049027","35.3364804736021","4593.15","","","Set Buyer Tokens",""
"0xfe8efc093d5562a05559de0342bdccc501cbe46e7cac72beaf04cc2d72969ec4","13538671","1635871640","2021-11-02 16:47:20","0x6b2d066926824225d8fd1810cd1ce0aa61657de0","0xf1d1a5306daae314af6c5d027a492b313e07e1a0","","0","0","0","0.007381281027049027","35.3364804736021","4593.15","","","Set Buyer Tokens",""
"0x4f4ccefaac8077b218ff770ae61c17979b401d2d4d423955914166cdcab999cf","13538671","1635871640","2021-11-02 16:47:20","0x6b2d066926824225d8fd1810cd1ce0aa61657de0","0xf1d1a5306daae314af6c5d027a492b313e07e1a0","","0","0","0","0.007381281027049027","35.3364804736021","4593.15","","","Set Buyer Tokens",""
"0x7a815eb14c98c693a7ab49e603e88c3caf31e3f79438c6f9da880aea540717a8","13538680","1635871743","2021-11-02 16:49:03","0x6b2d066926824225d8fd1810cd1ce0aa61657de0","0xf1d1a5306daae314af6c5d027a492b313e07e1a0","","0","0","0","0.00789315","37.7869559265","4593.15","","","Set Buyer Tokens",""
"0x4ba9ce1c462c4422e6cc392d7a4da418e4095dcb8e79ceb41d61aa7014afd363","13538680","1635871743","2021-11-02 16:49:03","0x6b2d066926824225d8fd1810cd1ce0aa61657de0","0xf1d1a5306daae314af6c5d027a492b313e07e1a0","","0","0","0","0.00789495","37.7955730845","4593.15","","","Set Buyer Tokens",""
"0xdc726fd20aaa3e9611b36b360c1a0b9039c4dfea59e0ea65b2cf6edd95173b91","13538680","1635871743","2021-11-02 16:49:03","0x6b2d066926824225d8fd1810cd1ce0aa61657de0","0xf1d1a5306daae314af6c5d027a492b313e07e1a0","","0","0","0","0.00789495","37.7955730845","4593.15","","","Set Buyer Tokens",""
"0x14bd82e83cef5203457f178352859a55e1683f6ee4d7aef6b5919394a2b4b21d","13538680","1635871743","2021-11-02 16:49:03","0x6b2d066926824225d8fd1810cd1ce0aa61657de0","0xf1d1a5306daae314af6c5d027a492b313e07e1a0","","0","0","0","0.00789495","37.7955730845","4593.15","","","Set Buyer Tokens",""
"0x45d8d039e6acf60a48f80fe45cf92666849aaaacbbbe6591a3f185efed193202","13538680","1635871743","2021-11-02 16:49:03","0x6b2d066926824225d8fd1810cd1ce0aa61657de0","0xf1d1a5306daae314af6c5d027a492b313e07e1a0","","0","0","0","0.00789495","37.7955730845","4593.15","","","Set Buyer Tokens",""
"0xccfe894b3b3aa3b2e339df4acc6c72a38e336d0b549df84b0f7e960a31c05c6e","13538680","1635871743","2021-11-02 16:49:03","0x6b2d066926824225d8fd1810cd1ce0aa61657de0","0xf1d1a5306daae314af6c5d027a492b313e07e1a0","","0","0","0","0.00789495","37.7955730845","4593.15","","","Set Buyer Tokens",""
"0xb1814a18f9d04931920fa0904e218e6bb2cc71a64ae95f992c7e9d3076d3fc69","13538680","1635871743","2021-11-02 16:49:03","0x6b2d066926824225d8fd1810cd1ce0aa61657de0","0xf1d1a5306daae314af6c5d027a492b313e07e1a0","","0","0","0","0.00789135","37.7783387685","4593.15","","","Set Buyer Tokens",""
"0x89c482ed83878bbcd867b0b15dfc02d06a68b6afe64114a4007e928f6d441ed4","13538680","1635871743","2021-11-02 16:49:03","0x6b2d066926824225d8fd1810cd1ce0aa61657de0","0xf1d1a5306daae314af6c5d027a492b313e07e1a0","","0","0","0","0.00789495","37.7955730845","4593.15","","","Set Buyer Tokens",""
"0x90192d3a7459b11f2b3c1044c78086a850879cb5264624225bc0496ee8f2380f","13538680","1635871743","2021-11-02 16:49:03","0x6b2d066926824225d8fd1810cd1ce0aa61657de0","0xf1d1a5306daae314af6c5d027a492b313e07e1a0","","0","0","0","0.00789495","37.7955730845","4593.15","","","Set Buyer Tokens",""
"0x3fa353321f94d76a8590061c0f69ab46be00f6df88c8bed1dc364a65a92e8670","13538680","1635871743","2021-11-02 16:49:03","0x6b2d066926824225d8fd1810cd1ce0aa61657de0","0xf1d1a5306daae314af6c5d027a492b313e07e1a0","","0","0","0","0.00789495","37.7955730845","4593.15","","","Set Buyer Tokens",""
"0xf27f6949b305b83756706af7a3c01763d02fadbce74a3d10cb89042271712620","13538680","1635871743","2021-11-02 16:49:03","0x6b2d066926824225d8fd1810cd1ce0aa61657de0","0xf1d1a5306daae314af6c5d027a492b313e07e1a0","","0","0","0","0.00789495","37.7955730845","4593.15","","","Set Buyer Tokens",""
"0x161cd14cec8965c38583c8eb256b199e1633f515431be150726ad6ef757a6d95","13538680","1635871743","2021-11-02 16:49:03","0x6b2d066926824225d8fd1810cd1ce0aa61657de0","0xf1d1a5306daae314af6c5d027a492b313e07e1a0","","0","0","0","0.00789495","37.7955730845","4593.15","","","Set Buyer Tokens",""
"0xf95ff762e75eefc43522ece252ed16109a2e1929ea24d2a2b4e6ec9b1f1662f8","13538680","1635871743","2021-11-02 16:49:03","0x6b2d066926824225d8fd1810cd1ce0aa61657de0","0xf1d1a5306daae314af6c5d027a492b313e07e1a0","","0","0","0","0.00789495","37.7955730845","4593.15","","","Set Buyer Tokens",""
"0x4f3e991cb0e7df86fb5c78eda23230c9e0897d3e521d8b6ba0d78dcecc33b35f","13538680","1635871743","2021-11-02 16:49:03","0x6b2d066926824225d8fd1810cd1ce0aa61657de0","0xf1d1a5306daae314af6c5d027a492b313e07e1a0","","0","0","0","0.00789495","37.7955730845","4593.15","","","Set Buyer Tokens",""
"0x590500fde9259dfae6ad20145605e45c3551f56abf9e3159292b08b9a32a0802","13538680","1635871743","2021-11-02 16:49:03","0x6b2d066926824225d8fd1810cd1ce0aa61657de0","0xf1d1a5306daae314af6c5d027a492b313e07e1a0","","0","0","0","0.00789495","37.7955730845","4593.15","","","Set Buyer Tokens",""
"0x13948220d4e45166d7bf913f4961ba834a6ba27c1091fc37138990aa2814cc3c","13538680","1635871743","2021-11-02 16:49:03","0x6b2d066926824225d8fd1810cd1ce0aa61657de0","0xf1d1a5306daae314af6c5d027a492b313e07e1a0","","0","0","0","0.00789495","37.7955730845","4593.15","","","Set Buyer Tokens",""
"0x2b61f5e71272089a8f40131e346b829ff9793c92165a43729467599e77b58e2f","13538680","1635871743","2021-11-02 16:49:03","0x6b2d066926824225d8fd1810cd1ce0aa61657de0","0xf1d1a5306daae314af6c5d027a492b313e07e1a0","","0","0","0","0.00789495","37.7955730845","4593.15","","","Set Buyer Tokens",""
"0xfe066aa6833055111d53d94d7e562605f5582da891b03da78b6a89eb8f44db8a","13538680","1635871743","2021-11-02 16:49:03","0x6b2d066926824225d8fd1810cd1ce0aa61657de0","0xf1d1a5306daae314af6c5d027a492b313e07e1a0","","0","0","0","0.00789495","37.7955730845","4593.15","","","Set Buyer Tokens",""
"0xfa8f9c8acdac8056e5f00f957891affb569074c147d705d49b4d3d598d147b86","13538680","1635871743","2021-11-02 16:49:03","0x6b2d066926824225d8fd1810cd1ce0aa61657de0","0xf1d1a5306daae314af6c5d027a492b313e07e1a0","","0","0","0","0.00789495","37.7955730845","4593.15","","","Set Buyer Tokens",""
"0x0a36e683abdab4c938acb1b00a381d7494405510d95bbcb2288766fd5dea5cfc","13538680","1635871743","2021-11-02 16:49:03","0x6b2d066926824225d8fd1810cd1ce0aa61657de0","0xf1d1a5306daae314af6c5d027a492b313e07e1a0","","0","0","0","0.00789495","37.7955730845","4593.15","","","Set Buyer Tokens",""
"0x7dbc46bdc1d4ae89db77d22b1dedfe48c4955eb465cc49dc460117afd9e120bf","13538680","1635871743","2021-11-02 16:49:03","0x6b2d066926824225d8fd1810cd1ce0aa61657de0","0xf1d1a5306daae314af6c5d027a492b313e07e1a0","","0","0","0","0.00789495","37.7955730845","4593.15","","","Set Buyer Tokens",""
"0x8faed810d5f9f3e067d20ce549bbda270bbd390429797d21e1a729e011a51906","13538680","1635871743","2021-11-02 16:49:03","0x6b2d066926824225d8fd1810cd1ce0aa61657de0","0xf1d1a5306daae314af6c5d027a492b313e07e1a0","","0","0","0","0.00789495","37.7955730845","4593.15","","","Set Buyer Tokens",""
"0x9a437c4b38bde0fc6cd71b73569b2d11410030c9c2dbe81ad38c6c337c650261","13538685","1635871789","2021-11-02 16:49:49","0x6b2d066926824225d8fd1810cd1ce0aa61657de0","0xf1d1a5306daae314af6c5d027a492b313e07e1a0","","0","0","0","0.007839421249343159","37.529739741193","4593.15","","","Set Buyer Tokens",""
"0x11cf9fff002b82496d23f4f39164a798efb51f2ff7fba29074dbd6b4e2de63f0","13538685","1635871789","2021-11-02 16:49:49","0x6b2d066926824225d8fd1810cd1ce0aa61657de0","0xf1d1a5306daae314af6c5d027a492b313e07e1a0","","0","0","0","0.007839421249343159","37.529739741193","4593.15","","","Set Buyer Tokens",""
"0x87d0654531c79cdaef3540acfc17505136c9d8074607d5e4873fdfa7d929380c","13538685","1635871789","2021-11-02 16:49:49","0x6b2d066926824225d8fd1810cd1ce0aa61657de0","0xf1d1a5306daae314af6c5d027a492b313e07e1a0","","0","0","0","0.007839421249343159","37.529739741193","4593.15","","","Set Buyer Tokens",""
"0x1fc555bb2023d344bc7774d0dfd75034811720cd6101336c83837ee936e19c6f","13538686","1635871795","2021-11-02 16:49:55","0x6b2d066926824225d8fd1810cd1ce0aa61657de0","0xf1d1a5306daae314af6c5d027a492b313e07e1a0","","0","0","0","0.007439461270294235","35.6150073338923","4593.15","","","Set Buyer Tokens",""
"0x2169d6677b7dfed236d3ab5baee52ab6dc8c4ba4352713ee04902723b367cc8f","13538686","1635871795","2021-11-02 16:49:55","0x6b2d066926824225d8fd1810cd1ce0aa61657de0","0xf1d1a5306daae314af6c5d027a492b313e07e1a0","","0","0","0","0.007439461270294235","35.6150073338923","4593.15","","","Set Buyer Tokens",""
"0x43a4bd9c6186ceec7f55e49aa0236bb6bd6600e9b45fab7d249cfeff502b01c8","13538704","1635871997","2021-11-02 16:53:17","0x6b2d066926824225d8fd1810cd1ce0aa61657de0","0xf1d1a5306daae314af6c5d027a492b313e07e1a0","","0","0","0","0.007739129405325955","37.049611593411","4593.15","","","Set Buyer Tokens",""
"0xe949304fa5d52126be04af4fc4401ee75f2eda1e226c678c67ee22e70eaba1da","13538704","1635871997","2021-11-02 16:53:17","0x6b2d066926824225d8fd1810cd1ce0aa61657de0","0xf1d1a5306daae314af6c5d027a492b313e07e1a0","","0","0","0","0.007739129405325955","37.049611593411","4593.15","","","Set Buyer Tokens",""
"0x563a18282fc1c5fe6fc04973f32b279a6d6943127ce955fe16b2876cb8f5a7fc","13538704","1635871997","2021-11-02 16:53:17","0x6b2d066926824225d8fd1810cd1ce0aa61657de0","0xf1d1a5306daae314af6c5d027a492b313e07e1a0","","0","0","0","0.007737364931462335","37.041164510039","4593.15","","","Set Buyer Tokens",""
"0xfd887f09e31fad18f6dadf8f9af4df25cbfa6c9424fb29b17dc17b1acd66f1f2","13538709","1635872100","2021-11-02 16:55:00","0x6b2d066926824225d8fd1810cd1ce0aa61657de0","0xf1d1a5306daae314af6c5d027a492b313e07e1a0","","0","0","0","0.007779915154774616","37.2448656196041","4593.15","","","Set Buyer Tokens",""
"0x6c13d034fe08acaabb00e14a13ce4075215ef56e6e625b1b38611cf16899ee58","13538709","1635872100","2021-11-02 16:55:00","0x6b2d066926824225d8fd1810cd1ce0aa61657de0","0xf1d1a5306daae314af6c5d027a492b313e07e1a0","","0","0","0","0.007779915154774616","37.2448656196041","4593.15","","","Set Buyer Tokens",""
"0xc2724fea763f007e6954abd1d34699e017e8ae5710135b8704fda56c20bb37e8","13538709","1635872100","2021-11-02 16:55:00","0x6b2d066926824225d8fd1810cd1ce0aa61657de0","0xf1d1a5306daae314af6c5d027a492b313e07e1a0","","0","0","0","0.007779915154774616","37.2448656196041","4593.15","","","Set Buyer Tokens",""
"0x944a766e4ebd12d097dc64d2c12e157a5fa1c3d2f0283989f12d7231b37d88c8","13538709","1635872100","2021-11-02 16:55:00","0x6b2d066926824225d8fd1810cd1ce0aa61657de0","0xf1d1a5306daae314af6c5d027a492b313e07e1a0","","0","0","0","0.007779915154774616","37.2448656196041","4593.15","","","Set Buyer Tokens",""
"0xfa704bc6bbe5692d9805d5cce82c32b23162526ffc9f669a5568ad7b277585e0","13538709","1635872100","2021-11-02 16:55:00","0x6b2d066926824225d8fd1810cd1ce0aa61657de0","0xf1d1a5306daae314af6c5d027a492b313e07e1a0","","0","0","0","0.007779915154774616","37.2448656196041","4593.15","","","Set Buyer Tokens",""
"0x2f96cabb5186496670e7ab1571cf7a1e903773ad92802e01a46c27c23e2e5ec6","13538709","1635872100","2021-11-02 16:55:00","0x6b2d066926824225d8fd1810cd1ce0aa61657de0","0xf1d1a5306daae314af6c5d027a492b313e07e1a0","","0","0","0","0.007778141382011192","37.236374019516","4593.15","","","Set Buyer Tokens",""
"0xc988df0c34373f741028ec04c0f9667a26fccdf222f3e06a7be5689e01a82588","13538709","1635872100","2021-11-02 16:55:00","0x6b2d066926824225d8fd1810cd1ce0aa61657de0","0xf1d1a5306daae314af6c5d027a492b313e07e1a0","","0","0","0","0.007779915154774616","37.2448656196041","4593.15","","","Set Buyer Tokens",""
"0x266ba7d4b81dd007bb343e0222ea5a319684a7490ad1384d9b16de8aff072c25","13538709","1635872100","2021-11-02 16:55:00","0x6b2d066926824225d8fd1810cd1ce0aa61657de0","0xf1d1a5306daae314af6c5d027a492b313e07e1a0","","0","0","0","0.007778141382011192","37.236374019516","4593.15","","","Set Buyer Tokens",""
"0xf7aad3a6ffb003c9329f40baa9b1f1b8663489fe87dbd2fd3a06bf51e71f2eb4","13538709","1635872100","2021-11-02 16:55:00","0x6b2d066926824225d8fd1810cd1ce0aa61657de0","0xf1d1a5306daae314af6c5d027a492b313e07e1a0","","0","0","0","0.007779915154774616","37.2448656196041","4593.15","","","Set Buyer Tokens",""
"0x4ad379ad4e3562b1f660f74593eea5267a14722191d57337100b4b9ffba2af36","13538709","1635872100","2021-11-02 16:55:00","0x6b2d066926824225d8fd1810cd1ce0aa61657de0","0xf1d1a5306daae314af6c5d027a492b313e07e1a0","","0","0","0","0.005252288966895416","25.1443354941081","4593.15","","","Set Buyer Tokens",""
"0x134b469b276137463401ec6985414b29dfe2c34e3511d5660245ac50327da9d6","13538709","1635872100","2021-11-02 16:55:00","0x6b2d066926824225d8fd1810cd1ce0aa61657de0","0xf1d1a5306daae314af6c5d027a492b313e07e1a0","","0","0","0","0.007779915154774616","37.2448656196041","4593.15","","","Set Buyer Tokens",""
"0x79dbc940f7bf5cc328752124d37b072f546f74b575915a9d6a0c05b37042ed26","13538709","1635872100","2021-11-02 16:55:00","0x6b2d066926824225d8fd1810cd1ce0aa61657de0","0xf1d1a5306daae314af6c5d027a492b313e07e1a0","","0","0","0","0.007779915154774616","37.2448656196041","4593.15","","","Set Buyer Tokens",""
"0x29c5f0c5b256948697db5c242a422686b3a67dac694eeebb80f586c8d526d38f","13538709","1635872100","2021-11-02 16:55:00","0x6b2d066926824225d8fd1810cd1ce0aa61657de0","0xf1d1a5306daae314af6c5d027a492b313e07e1a0","","0","0","0","0.007779915154774616","37.2448656196041","4593.15","","","Set Buyer Tokens",""
"0xa3761ff4f7b4e374a11ad6d503483d1c12e88efc4988e5d3880836f73aa1372c","13538709","1635872100","2021-11-02 16:55:00","0x6b2d066926824225d8fd1810cd1ce0aa61657de0","0xf1d1a5306daae314af6c5d027a492b313e07e1a0","","0","0","0","0.007779915154774616","37.2448656196041","4593.15","","","Set Buyer Tokens",""
"0x9c2c56f98660085f2e77ece5794618f16b6668c25ae0bfeb6070f781836c9463","13538709","1635872100","2021-11-02 16:55:00","0x6b2d066926824225d8fd1810cd1ce0aa61657de0","0xf1d1a5306daae314af6c5d027a492b313e07e1a0","","0","0","0","0.007779915154774616","37.2448656196041","4593.15","","","Set Buyer Tokens",""
"0xbeef95ae6aa008866cd2f1c9f904fc786afcb60456a5534219419f691c58e2f3","13538709","1635872100","2021-11-02 16:55:00","0x6b2d066926824225d8fd1810cd1ce0aa61657de0","0xf1d1a5306daae314af6c5d027a492b313e07e1a0","","0","0","0","0.007779915154774616","37.2448656196041","4593.15","","","Set Buyer Tokens",""
"0xd5602b7d23b244d6b911879ce0d32186b8814504e2c8676bf0fad37dbf2ebc37","13538709","1635872100","2021-11-02 16:55:00","0x6b2d066926824225d8fd1810cd1ce0aa61657de0","0xf1d1a5306daae314af6c5d027a492b313e07e1a0","","0","0","0","0.007778141382011192","37.236374019516","4593.15","","","Set Buyer Tokens",""
"0x9aedf2e06832b962d97ac4902cf65d2973382ac5bdc2a13fb68d3b12933fa195","13538756","1635872783","2021-11-02 17:06:23","0x6b2d066926824225d8fd1810cd1ce0aa61657de0","0xf1d1a5306daae314af6c5d027a492b313e07e1a0","","0","0","0","0.007859326059705897","37.6250302388906","4593.15","","","Set Buyer Tokens",""
"0xe8db3c3b12f74d9333ee8af386ea401d1c774c407e4e566b5074a7748916659e","13538900","1635874767","2021-11-02 17:39:27","0x894b23e979fcc8f604c41b850ab2021d4e1a623b","0xf1d1a5306daae314af6c5d027a492b313e07e1a0","","0","0","0","0.004980348494249793","23.842472150007","4593.15","","","Transfer",""
"0xf5dcfadb2f6150d90049433c5f2dd49891e87a92758b468892de6ab3c797e6cf","13539774","1635886770","2021-11-02 20:59:30","0x894b23e979fcc8f604c41b850ab2021d4e1a623b","0xf1d1a5306daae314af6c5d027a492b313e07e1a0","","0","0","0","0.008516286564574941","40.7701038334553","4593.15","","","Transfer",""
"0x059bd9c33718e52b40b2f552493bb7d184b389be6a7e1cab43bff88570ffe8fd","13541494","1635909617","2021-11-03 03:20:17","0x93adfc98752ff04aaf39f460a9b1711560298855","0xf1d1a5306daae314af6c5d027a492b313e07e1a0","","0","0","0","0.006805380022847308","32.5794638371772","4604.40","","","Approve",""
"0x3a94b7d701a2e92644f6b383149f87277b29e018709d2630350c06de322fdd92","13542913","1635929295","2021-11-03 08:48:15","0x6b2d066926824225d8fd1810cd1ce0aa61657de0","0xf1d1a5306daae314af6c5d027a492b313e07e1a0","","0","0","0","0.005905690717554768","28.2723722290571","4604.40","","","Set Buyer Tokens",""
"0x4af9785a0ab11fc8137505deb3f01fceeee45e9bf12e4b155809db7c9ebc1fae","13542916","1635929337","2021-11-03 08:48:57","0x6b2d066926824225d8fd1810cd1ce0aa61657de0","0xf1d1a5306daae314af6c5d027a492b313e07e1a0","","0","0","0","0.00556120233735647","26.62319956165","4604.40","","","Set Buyer Tokens",""
"0x7f3ea274ecab9ce20d9d1cc06ffcfb7e75c7b2eb296d7d44b2490d4359c6cf2b","13542918","1635929359","2021-11-03 08:49:19","0x6b2d066926824225d8fd1810cd1ce0aa61657de0","0xf1d1a5306daae314af6c5d027a492b313e07e1a0","","0","0","0","0.004229398830657858","20.2474433159967","4604.40","","","Set Buyer Tokens",""
"0x6ce0ac9c98d1bbcee6612c553546351fdd869b52e2aed1c0e7a5104865744255","13542920","1635929409","2021-11-03 08:50:09","0x6b2d066926824225d8fd1810cd1ce0aa61657de0","0xf1d1a5306daae314af6c5d027a492b313e07e1a0","","0","0","0","0.006369166981918146","30.4911767842066","4604.40","","","Set Buyer Tokens",""
"0xec2af69088731bfb0943b78c6003711e82f46ad1547d1cd411a7e2e0a1587acd","13542955","1635929909","2021-11-03 08:58:29","0x6b2d066926824225d8fd1810cd1ce0aa61657de0","0xf1d1a5306daae314af6c5d027a492b313e07e1a0","","0","0","0","0.006112619161103476","29.2630028361423","4604.40","","","Set Buyer Tokens",""
"0x8398cd7e7b0ca6fc9af0cb8f7879d38fe18c81754bfaa916f4a1b988f1878329","13543114","1635931961","2021-11-03 09:32:41","0x6b2d066926824225d8fd1810cd1ce0aa61657de0","0xf1d1a5306daae314af6c5d027a492b313e07e1a0","","0","0","0","0.0059065743995188","28.2766026885603","4604.40","","","Set Buyer Tokens",""
"0xd14c21ec7f8bdc31174883032cb4959a5da072d3c63e3f604da97ef12bf0bd97","13543167","1635932690","2021-11-03 09:44:50","0xfb8e156f2ef3def6634072b950f2a2f816014a58","0xf1d1a5306daae314af6c5d027a492b313e07e1a0","","0","0","0","0.005757341239783905","27.5621772906299","4604.40","","","Approve",""
"0x49ed480ec67f67e7fbe96b46fd0f5ee6913734c103b000b8639f9bbd1fa6583e","13543260","1635934073","2021-11-03 10:07:53","0xfb8e156f2ef3def6634072b950f2a2f816014a58","0xf1d1a5306daae314af6c5d027a492b313e07e1a0","","0","0","0","0.005874371988562845","28.1224397645668","4604.40","","","Transfer",""
"0x4c03235962cb2b43320dfd0f1d648678e4672f2f32dfef4c8e274958a4e60208","13543260","1635934073","2021-11-03 10:07:53","0x6b2d066926824225d8fd1810cd1ce0aa61657de0","0xf1d1a5306daae314af6c5d027a492b313e07e1a0","","0","0","0","0.006494701720982571","31.0921504958771","4604.40","","","Set Buyer Tokens",""
"0xfa14714cec7750f46971efe634e047dfe7f1b6337c6d654a74f018567d0b4311","13543262","1635934117","2021-11-03 10:08:37","0x3ca7b707c7ade3fa04a60746533e4433fba9327e","0xf1d1a5306daae314af6c5d027a492b313e07e1a0","","0","0","0","0.006594959576642787","31.5721159308578","4604.40","","","Transfer",""
"0x990f32b03194dd586d1c9eee321a655b9c5d83ae9b18bbfc599fcd14ba95018a","13543266","1635934133","2021-11-03 10:08:53","0x570d27d9c49d8f0dc4aa072fac3a152364738b15","0xf1d1a5306daae314af6c5d027a492b313e07e1a0","","0","0","0","0.005019463232620494","24.0297265281564","4604.40","","","Transfer",""
"0xe5c6d432d27c97180432564c8cb340e6fafb1b7c2a69c6ac472b035c93f3c12f","13543269","1635934168","2021-11-03 10:09:28","0xd7e449a7d9d00ab739ac5619bd3603265488ce12","0xf1d1a5306daae314af6c5d027a492b313e07e1a0","","0","0","0","0.004964055118330716","23.7644707085358","4604.40","","","Transfer",""
"0x3eef94edaff1fe1ddf80a887a546f496cfe12355736c0b218b0b5e792761665c","13543270","1635934189","2021-11-03 10:09:49","0x5403fdffd45a92fb2af6327875bb8a5c2c92c7ed","0xf1d1a5306daae314af6c5d027a492b313e07e1a0","","0","0","0","0.009311619202632396","44.5776077249541","4604.40","","","Buyer Withdraw",""
"0x4285c25651938eb75275f195b472c3ec1f1ab77ce5f140f1fd5984667e1ab56d","13543285","1635934367","2021-11-03 10:12:47","0x0d9ec0ad66d54c4245fc8c3dc5f5263904054589","0xf1d1a5306daae314af6c5d027a492b313e07e1a0","","0","0","0","0.005387480572006359","25.7915396171718","4604.40","","","Transfer",""
"0x0190c133eb281683ec6b5d4126616e557347936c9ec6a520ae538142f1828c6c","13543289","1635934458","2021-11-03 10:14:18","0xcf280df3da6405eabf27e1d85e2c03d3b9047309","0xf1d1a5306daae314af6c5d027a492b313e07e1a0","","0","0","0","0.010582310306574594","50.6607999537676","4604.40","","","Buyer Withdraw",""
"0x54b8612dc4e1d50a6244f7111c5364bb2af506d20d568eb4c69f673ae168c321","13543289","1635934458","2021-11-03 10:14:18","0x5403fdffd45a92fb2af6327875bb8a5c2c92c7ed","0xf1d1a5306daae314af6c5d027a492b313e07e1a0","","0","0","0","0.006029875237925286","28.8668820252721","4604.40","","","Buyer Withdraw",""
"0xb992e1545ea757f1d381687034218d4971b56c340fc06a1c6f258a13f32b31fd","13543300","1635934623","2021-11-03 10:17:03","0x5403fdffd45a92fb2af6327875bb8a5c2c92c7ed","0xf1d1a5306daae314af6c5d027a492b313e07e1a0","","0","0","0","0.0065527335","31.369966611885","4604.40","","","Approve",""
"0x85d3965eea766e4bc4870230c21d906672ebb6a024e628fcb2f60df19e9b83d0","13543303","1635934700","2021-11-03 10:18:20","0x7048b5651039064a0659c8760d5dcf3488f3388d","0xf1d1a5306daae314af6c5d027a492b313e07e1a0","","0","0","0","0.011083915328148054","53.0621386895965","4604.40","","","Buyer Withdraw",""
"0xd0c5a2b86537143555fc830ee1f82de529426f49707a2bcf61972ecce72d7fed","13543304","1635934703","2021-11-03 10:18:23","0x838a7ba7a7987b7be4c617fff903c391c971c88d","0xf1d1a5306daae314af6c5d027a492b313e07e1a0","","0","0","0","0.010719475726042188","51.317453338039","4604.40","","","Buyer Withdraw",""
"0x63e7e58f79fddd89fd99942c29c3ed86d8e92e975a905b26684b9a8bdd8d767d","13543324","1635935047","2021-11-03 10:24:07","0x3d42c725d9cbf782d1476cc704e7500f0cf58d8d","0xf1d1a5306daae314af6c5d027a492b313e07e1a0","","0","0","0","0.005969356466068071","28.5771599035723","4604.40","","","Transfer",""
"0x38e7ff9fd45e1f65fe682ab6b1a32edc429bdd6625e49eda134955044908489f","13543332","1635935159","2021-11-03 10:25:59","0x6c940991ba4721821bd994fe7835faef96124a82","0xf1d1a5306daae314af6c5d027a492b313e07e1a0","","0","0","0","0.00713925","34.1778029175","4604.40","","","Transfer",""
"0xf0d9758f06690eebbab9fa16a4f699f5bbb995975a9d28bdd3932d90c18ccfab","13543332","1635935159","2021-11-03 10:25:59","0x3ca7b707c7ade3fa04a60746533e4433fba9327e","0xf1d1a5306daae314af6c5d027a492b313e07e1a0","","0","0","0","0.004292882468755209","20.5513591714965","4604.40","","","Transfer",""
"0x42b2a56e5f7c83cc8e011cbedc55a3ecb41650a8f62678bb8fc802c3fafb85d1","13543333","1635935187","2021-11-03 10:26:27","0x570d27d9c49d8f0dc4aa072fac3a152364738b15","0xf1d1a5306daae314af6c5d027a492b313e07e1a0","","0","0","0","0.004154544064995375","19.889090347793","4604.40","","","Transfer",""
"0xfac1e7263dafa07af23a607b5673f44feca955c02974a7c21151bfb3142d85b2","13543333","1635935187","2021-11-03 10:26:27","0x32eac6032250ccc9c7be5266d6bd8b8ecfceacb2","0xf1d1a5306daae314af6c5d027a492b313e07e1a0","","0","0","0","0.006484194942562875","31.0418512904807","4604.40","","","Transfer",""
"0x8015cb03d0b58116fc2eaebf9241c69276024cee0c62f998be17ed3b95346a3f","13543333","1635935187","2021-11-03 10:26:27","0x2165ffc3b1c7ee4a618ecdf3d025625f30112e4e","0xf1d1a5306daae314af6c5d027a492b313e07e1a0","","0","0","0","0.01095966824892135","52.4673294047437","4604.40","","","Buyer Withdraw",""
"0x8b94cda3144b59f170e72806871ad5f698fc84d11cec8ff93100d0a816c2dcf4","13543342","1635935333","2021-11-03 10:28:53","0x2accba1f1b6b583c31883f492a4b4ae4708e47f2","0xf1d1a5306daae314af6c5d027a492b313e07e1a0","","0","0","0","0.006424802363142972","30.757520601098","4604.40","","","Transfer",""
"0x1b01fcd140d46e525ec3566fd5210c59ba071ea1dffc636782bd5ce6dacd99ba","13543359","1635935595","2021-11-03 10:33:15","0x838a7ba7a7987b7be4c617fff903c391c971c88d","0xf1d1a5306daae314af6c5d027a492b313e07e1a0","","0","0","0","0.003979077941701134","19.0490796210853","4604.40","","","Transfer",""
"0x45581e7ee33ff5bd0d7ecccb69f099510883d5c1a78100088cc2f74d6cfc02e2","13543364","1635935621","2021-11-03 10:33:41","0x2165ffc3b1c7ee4a618ecdf3d025625f30112e4e","0xf1d1a5306daae314af6c5d027a492b313e07e1a0","","0","0","0","0.004841427520497966","23.1774143831551","4604.40","","","Buyer Withdraw",""
"0xa3d6025e0d764098e94b5654205f9e33cdf3c73cd242927824efaa9473cc0225","13543372","1635935703","2021-11-03 10:35:03","0x76be1ef9066fd9dd577426518a0c7aafd049390f","0xf1d1a5306daae314af6c5d027a492b313e07e1a0","","0","0","0","0.005222673479917728","25.0025569771449","4604.40","","","Transfer",""
"0x9cc8843cf9f8721be9bd7d33e9ddd5b04b17c08fe8ff7158ba1369204f5e6ae1","13543380","1635935788","2021-11-03 10:36:28","0x2165ffc3b1c7ee4a618ecdf3d025625f30112e4e","0xf1d1a5306daae314af6c5d027a492b313e07e1a0","","0","0","0","0.0065997065","31.594840924515","4604.40","","","Approve",""
"0x5c4eda2ee6607f2b7a1716986f8c726aad671395adca52b8bc96d6fd3b0dfa8d","13543386","1635935837","2021-11-03 10:37:17","0xa722cb4bb5c3ddee652edb949490029ecc219898","0xf1d1a5306daae314af6c5d027a492b313e07e1a0","","0","0","0","0.009770341194461358","46.7736521036568","4604.40","","","Buyer Withdraw",""
"0x811caa541f18c02d02184d1ff81b32191382e201a05df9a5e68ddc49ae064c3c","13543398","1635935999","2021-11-03 10:39:59","0xeebd9767331e9b007790c8796a7bbba5b96e0ecd","0xf1d1a5306daae314af6c5d027a492b313e07e1a0","","0","0","0","0.008619717302769636","41.2652588407221","4604.40","","","Buyer Withdraw",""
"0x90635aaca00a0dad0ae2ac199b1e60e5398f80788f5296a989ccf6d59dba1a7e","13543403","1635936061","2021-11-03 10:41:01","0xa722cb4bb5c3ddee652edb949490029ecc219898","0xf1d1a5306daae314af6c5d027a492b313e07e1a0","","0","0","0","0.00379906478825814","18.1873008514761","4604.40","","","Transfer",""
"0x76c811b201c1bb8974e01a23a40ff74fca6e1778373dedb921f2b24fa784dc98","13543406","1635936081","2021-11-03 10:41:21","0xeb48d74d1a83c882a719c7d461fb043b5c578aa0","0xf1d1a5306daae314af6c5d027a492b313e07e1a0","","0","0","0","0.005466332522526219","26.169028348415","4604.40","","","Transfer",""
"0xdeea36b303372c6e7443d357631a8a9e957d6acae7027e4d4a6d5b63f661642d","13543416","1635936250","2021-11-03 10:44:10","0xd33619b122b27f712aa5f784bc54de9c95c7588d","0xf1d1a5306daae314af6c5d027a492b313e07e1a0","","0","0","0","0.010551901686902082","50.5152244647232","4604.40","","","Buyer Withdraw",""
"0xf90e18d4767c1cc3b323cfaa3cbe0857dd9f40d9c9adc71c2de7785de147da4a","13543420","1635936299","2021-11-03 10:44:59","0xeebd9767331e9b007790c8796a7bbba5b96e0ecd","0xf1d1a5306daae314af6c5d027a492b313e07e1a0","","0","0","0","0.007562653","36.20476433343","4604.40","","","Approve",""
"0x169c20e339e8b6c217cd52ffa2f7a008c4e1af7078775e9ab8586ae3ff6de39c","13543425","1635936336","2021-11-03 10:45:36","0xd33619b122b27f712aa5f784bc54de9c95c7588d","0xf1d1a5306daae314af6c5d027a492b313e07e1a0","","0","0","0","0.0051010678680831","24.4203932155529","4604.40","","","Buyer Withdraw",""
"0xf0468606d412fb05b97229f8927049ea9be7eefcbb1b6c8fd2afe9c892095e9a","13543440","1635936548","2021-11-03 10:49:08","0xd33619b122b27f712aa5f784bc54de9c95c7588d","0xf1d1a5306daae314af6c5d027a492b313e07e1a0","","0","0","0","0.00529576737420735","25.3524801082166","4604.40","","","Transfer",""
"0xaf1b91d3231317493decadba9d504a139aeab435317cc0be5daa5f1e0a789965","13543442","1635936583","2021-11-03 10:49:43","0xa46b36241817a8f33ee1943ac0d3643d857acb9e","0xf1d1a5306daae314af6c5d027a492b313e07e1a0","","0","0","0","0.005515308720409779","26.4034925903049","4604.40","","","Transfer",""
"0x742d23736131d78a45282cbec8c26326939d438a6a165b471aedda0be63584b0","13543450","1635936704","2021-11-03 10:51:44","0xfc6db6456fd28374d978d90f5440a3abdd0c2cfa","0xf1d1a5306daae314af6c5d027a492b313e07e1a0","","0","0","0","0.010021356477540702","47.9753400784954","4604.40","","","Buyer Withdraw",""
"0xd388cde66bfe15e1b3988bde8743cf745012d2ee6664cbeb5bb9b40cd1cdd280","13543451","1635936723","2021-11-03 10:52:03","0xd8beb719e9f256dcdc65ddc0c909576c1b7e5677","0xf1d1a5306daae314af6c5d027a492b313e07e1a0","","0","0","0","0.011193257341900242","53.5855928054525","4604.40","","","Buyer Withdraw",""
"0x6a426752283a4c699b3c1667a0d7e99c1faf142df1f447bd4a4d19d6fb78ad28","13543462","1635936822","2021-11-03 10:53:42","0xf6866acf63bb14c5f0a038b46e60f452b05d3080","0xf1d1a5306daae314af6c5d027a492b313e07e1a0","","0","0","0","0.005395620619988523","25.8305085502773","4604.40","","","Transfer",""
"0x8f817700a420334e28feda1834b0f40349e5e96fc51cb6b2806509135298e2de","13543499","1635937236","2021-11-03 11:00:36","0xfc6db6456fd28374d978d90f5440a3abdd0c2cfa","0xf1d1a5306daae314af6c5d027a492b313e07e1a0","","0","0","0","0.005510541969811728","26.3806726774994","4604.40","","","Transfer",""
"0xcb28dd7bd9016772d9217a94a200afbd252a91ef0b66073c9517f198bdf2a4a5","13543520","1635937605","2021-11-03 11:06:45","0xd8beb719e9f256dcdc65ddc0c909576c1b7e5677","0xf1d1a5306daae314af6c5d027a492b313e07e1a0","","0","0","0","0.0074452205","35.642578551855","4604.40","","","Approve",""
"0x1c1b69cec72e42f314017eee5b54dbf8846d850a6c71036697b0e9d58df4f01e","13543665","1635939491","2021-11-03 11:38:11","0x4185fa0abcde874f56d643f70158a684fb9fb22e","0xf1d1a5306daae314af6c5d027a492b313e07e1a0","","0","0","0","0.012012725405808792","57.5086404624825","4604.40","","","Buyer Withdraw",""
"0x4c2e56753cb7cf221594a7eb15c1305663c27b30693af116d5722e5e8fdb2133","13543674","1635939548","2021-11-03 11:39:08","0x7a5043ee301a05024dce9c21515dc1bd08c0cae1","0xf1d1a5306daae314af6c5d027a492b313e07e1a0","","0","0","0","0.00725036341699245","34.7097372898021","4604.40","","","Transfer",""
"0x39e85ac9c9c8e04f31c1b3b2d97d26fb226b60eb6b1c0afa31dbe9fcea8af3be","13543678","1635939668","2021-11-03 11:41:08","0xdf585dce0de45b79991015f600afd7ac12f91107","0xf1d1a5306daae314af6c5d027a492b313e07e1a0","","0","0","0","0.010151029859994072","48.5961267590482","4604.40","","","Buyer Withdraw",""
"0x97c1c511d4ab22d7cab6b8a63d9d2cfd127579abd56eb63844c113aebea3842f","13543709","1635940254","2021-11-03 11:50:54","0x4185fa0abcde874f56d643f70158a684fb9fb22e","0xf1d1a5306daae314af6c5d027a492b313e07e1a0","","0","0","0","0.007380139814393895","35.331017134846","4604.40","","","Transfer",""
"0xd1e4f10f42eaaafbe654bc3da67b2dc0c8b8d077ccbdb29368f75e0d171e08c1","13543777","1635941070","2021-11-03 12:04:30","0xebfd5e95933917278f1cedf68e48fc6d4f6be5ea","0xf1d1a5306daae314af6c5d027a492b313e07e1a0","","0","0","0","0.009463955557607838","45.3068890804916","4604.40","","","Buyer Withdraw",""
"0xcaa088183a46247d20e6cb9ce899b8faf3325c5ac9d2d76ca40254b2b5e1aa53","13543780","1635941119","2021-11-03 12:05:19","0x494e35c0a11dc16a109fc161d785385f874f2359","0xf1d1a5306daae314af6c5d027a492b313e07e1a0","","0","0","0","0.010419232689053304","49.8800968446318","4604.40","","","Buyer Withdraw",""
"0xd160f9abf66fa1664d006be45c5642f4d2eeaa2be5bf01852451b9fdc1ff587e","13543782","1635941143","2021-11-03 12:05:43","0xdf585dce0de45b79991015f600afd7ac12f91107","0xf1d1a5306daae314af6c5d027a492b313e07e1a0","","0","0","0","0.005754196259497098","27.5471212950531","4604.40","","","Transfer",""
"0x87a2247f1a950d018a66394ce461a80e30256e4fe9cc443d9b7a86e15350c34b","13543798","1635941290","2021-11-03 12:08:10","0x48b0ef58333113f01f52a703247010610bb50982","0xf1d1a5306daae314af6c5d027a492b313e07e1a0","","0","0","0","0.00825486531431373","39.5185992678673","4604.40","","","Buyer Withdraw",""
"0xeea212c62a72386f5d6a654061624922a649bbcd6b22701c013ef1714d1281a0","13543798","1635941290","2021-11-03 12:08:10","0x29084db5b53a8d8183d1970fbc0059079cbc29cc","0xf1d1a5306daae314af6c5d027a492b313e07e1a0","","0","0","0","0.004783152659457955","22.8984345581497","4604.40","","","Approve",""
"0xbb847d7f6e1f136cef67b9c4e7104cb8abaa5fc9df6c8d3ae913c3befbc3db8c","13543803","1635941329","2021-11-03 12:08:49","0x494e35c0a11dc16a109fc161d785385f874f2359","0xf1d1a5306daae314af6c5d027a492b313e07e1a0","","0","0","0","0.00542595725431827","25.9757394231704","4604.40","","","Transfer",""
"0x2035163ba972341ae65cfe4d8728aa7153017f745d556a3377145b4242295917","13543811","1635941454","2021-11-03 12:10:54","0xda2e70c1684315656717f2c8a2270581053a9b55","0xf1d1a5306daae314af6c5d027a492b313e07e1a0","","0","0","0","0.010172979150087348","48.7012048150047","4604.40","","","Buyer Withdraw",""
"0x867c1f91911d922205a7b63478cc2700d6f70a402b4ab0ba7f5a5753a0c731fd","13543850","1635942163","2021-11-03 12:22:43","0x6b2d066926824225d8fd1810cd1ce0aa61657de0","0xf1d1a5306daae314af6c5d027a492b313e07e1a0","","0","0","0","0.008524723065097876","40.8104919767737","4604.40","","","Set Buyer Tokens",""
"0x684b620047bb8550c9dc9c62acdf3b2926c43ce1fd169c0dcc63b04e3359844c","13543851","1635942182","2021-11-03 12:23:02","0x6b2d066926824225d8fd1810cd1ce0aa61657de0","0xf1d1a5306daae314af6c5d027a492b313e07e1a0","","0","0","0","0.008808963939183744","42.1712411556937","4604.40","","","Set Buyer Tokens",""
"0xf8ea90cecc01186193f3f90cef002588c1f7951009cdbf44807ab1851148d1b1","13543852","1635942216","2021-11-03 12:23:36","0x6b2d066926824225d8fd1810cd1ce0aa61657de0","0xf1d1a5306daae314af6c5d027a492b313e07e1a0","","0","0","0","0.009255703705831779","44.3099229079655","4604.40","","","Set Buyer Tokens",""
"0x051f6978e5cb851027c2eb3560b5f2b41914c1d05e01ac1e9bf557d6d5573ced","13543864","1635942357","2021-11-03 12:25:57","0x6b2d066926824225d8fd1810cd1ce0aa61657de0","0xf1d1a5306daae314af6c5d027a492b313e07e1a0","","0","0","0","0.007406063026460735","35.4551195872057","4604.40","","","Set Buyer Tokens",""
"0xe4f866b7fcb63e12b58913fef75607c1c4b72d32bbb5f1822139e7d0c640b2a5","13543865","1635942360","2021-11-03 12:26:00","0x6b2d066926824225d8fd1810cd1ce0aa61657de0","0xf1d1a5306daae314af6c5d027a492b313e07e1a0","","0","0","0","0.00684486688167919","32.7684996713316","4604.40","","","Set Buyer Tokens",""
"0x1fa101f92b5206f2a2f11adbf4fc3bc869c54a05aff0c5f4b41e245607c2da31","13543870","1635942433","2021-11-03 12:27:13","0x6b2d066926824225d8fd1810cd1ce0aa61657de0","0xf1d1a5306daae314af6c5d027a492b313e07e1a0","","0","0","0","0.007509787706214633","35.9516817838384","4604.40","","","Set Buyer Tokens",""
"0x729b2df7b3886131e3f8fa0016c2640033415620f56d1f4754984a6d72e20a34","13543870","1635942433","2021-11-03 12:27:13","0x6b2d066926824225d8fd1810cd1ce0aa61657de0","0xf1d1a5306daae314af6c5d027a492b313e07e1a0","","0","0","0","0.007509787706214633","35.9516817838384","4604.40","","","Set Buyer Tokens",""
"0xb5a7328d3e56c1828f6d71a76fce3b5864dfa58b9c9904b17a71340d91063ef9","13543870","1635942433","2021-11-03 12:27:13","0x6b2d066926824225d8fd1810cd1ce0aa61657de0","0xf1d1a5306daae314af6c5d027a492b313e07e1a0","","0","0","0","0.007508075520846621","35.9434850217042","4604.40","","","Set Buyer Tokens",""
"0x48fde65bd25537906d17958f634d9c8fa4126f9f266c334ae2fa98c19f5b7979","13543870","1635942433","2021-11-03 12:27:13","0x6b2d066926824225d8fd1810cd1ce0aa61657de0","0xf1d1a5306daae314af6c5d027a492b313e07e1a0","","0","0","0","0.007509787706214633","35.9516817838384","4604.40","","","Set Buyer Tokens",""
"0x97b2816e83737a287e1627d181490d1f28dcd7fe9c3c1c5a9bb01d8d9957374e","13543870","1635942433","2021-11-03 12:27:13","0x6b2d066926824225d8fd1810cd1ce0aa61657de0","0xf1d1a5306daae314af6c5d027a492b313e07e1a0","","0","0","0","0.007509787706214633","35.9516817838384","4604.40","","","Set Buyer Tokens",""
"0x07116e8bf95019a471eb219bf720c61a3adb4f7584bfb8a445d53a025c75bd8b","13543870","1635942433","2021-11-03 12:27:13","0x6b2d066926824225d8fd1810cd1ce0aa61657de0","0xf1d1a5306daae314af6c5d027a492b313e07e1a0","","0","0","0","0.007509787706214633","35.9516817838384","4604.40","","","Set Buyer Tokens",""
"0x4eb4337b583883efd64d6040a08eb2f88e0c815a91b1569bedd91826b717c8fc","13543877","1635942503","2021-11-03 12:28:23","0x6b2d066926824225d8fd1810cd1ce0aa61657de0","0xf1d1a5306daae314af6c5d027a492b313e07e1a0","","0","0","0","0.006130515634733926","29.3486788033181","4604.40","","","Set Buyer Tokens",""
"0xafe83cf37220b917a959fced4dce266fd14e1df9db4bf4cb5a84405359e9c302","13543886","1635942693","2021-11-03 12:31:33","0x49dbf3cb9a5e8cd64444a1d0dfadbcb7cb3f65d7","0xf1d1a5306daae314af6c5d027a492b313e07e1a0","","0","0","0","0.012100917656998176","57.9308441085239","4604.40","","","Buyer Withdraw",""
"0x0e4fefdfc2bb1c171e4d114fd6d54b8d5dd4b4254d3c376275e4b073b8535e30","13543886","1635942693","2021-11-03 12:31:33","0x4099bc5d3cb0b5b7f5d6d5f27768e7ed19aa57ef","0xf1d1a5306daae314af6c5d027a492b313e07e1a0","","0","0","0","0.012100917656998176","57.9308441085239","4604.40","","","Buyer Withdraw",""
"0x332f16e5cd55a44a469ec7b55a91256602869567b124d309d15fb7ed0a306c5c","13543887","1635942738","2021-11-03 12:32:18","0xebc298abd7ccbc0432717dd3350909fba1ff47ad","0xf1d1a5306daae314af6c5d027a492b313e07e1a0","","0","0","0","0.013587905345642496","65.0495151402478","4604.40","","","Buyer Withdraw",""
"0xbc4b80e9e4dbbeffb2c1ebb188f96da2046f0ee9f769a618a7e1477536da9796","13543894","1635942819","2021-11-03 12:33:39","0x49dbf3cb9a5e8cd64444a1d0dfadbcb7cb3f65d7","0xf1d1a5306daae314af6c5d027a492b313e07e1a0","","0","0","0","0.00692632306277811","33.1584556616683","4604.40","","","Transfer",""
"0x2e98236d9484c804633712df5d02effa9890f3b42a65e4d2e16d93462a4a6f98","13543896","1635942866","2021-11-03 12:34:26","0x47366aaeff5259dbf56e7da60727d1d592cf152a","0xf1d1a5306daae314af6c5d027a492b313e07e1a0","","0","0","0","0.013883274781224072","66.4635401929018","4604.40","","","Buyer Withdraw",""
"0x7003f5c2aff6909f972abe3e2bf3893df9799d9a3aaedff83c83a055e26d6e84","13543897","1635942878","2021-11-03 12:34:38","0xebc298abd7ccbc0432717dd3350909fba1ff47ad","0xf1d1a5306daae314af6c5d027a492b313e07e1a0","","0","0","0","0.008007838123376121","38.3360035264197","4604.40","","","Transfer",""
"0xa63a9e0b699bce46c658248e126daf89f62dc8c1575f1a5a025b6bf7e31ccb78","13543898","1635942888","2021-11-03 12:34:48","0x4099bc5d3cb0b5b7f5d6d5f27768e7ed19aa57ef","0xf1d1a5306daae314af6c5d027a492b313e07e1a0","","0","0","0","0.007486612635745539","35.840735537231","4604.40","","","Transfer",""
"0x39d132a2e8ea87712920de780a53f2c230ae60631f82a14a2088d91a91c31bf3","13543908","1635943005","2021-11-03 12:36:45","0x47366aaeff5259dbf56e7da60727d1d592cf152a","0xf1d1a5306daae314af6c5d027a492b313e07e1a0","","0","0","0","0.004048776032708862","19.3827459891475","4604.40","","","Transfer",""
"0x5704436b398ee0e1db4fdf031c5099a295af0246058987e57a7449301dd268bb","13543940","1635943459","2021-11-03 12:44:19","0x5162490aa42a3dfd3bd51f9039918a5b931d2236","0xf1d1a5306daae314af6c5d027a492b313e07e1a0","","0","0","0","0.007161715326201128","34.2853513982759","4604.40","","","Approve",""
"0x28fc800f65f9acf09e1c64f9f7e4d6859d78d3a75d6fd4530739ea834cb23c0b","13543986","1635944094","2021-11-03 12:54:54","0x92ca471c5b7f377921795ccfe136d5b170ee4fd6","0xf1d1a5306daae314af6c5d027a492b313e07e1a0","","0","0","0","0.006251176262625084","29.9263186338277","4604.40","","","Transfer",""
"0x8fe8bc31c05b8c85610cf07036e131a2a89f4d251adb6c03f18f1be168290b89","13544014","1635944573","2021-11-03 13:02:53","0x043261ea4a80d9983bc3923a6e54881f8d586dcc","0xf1d1a5306daae314af6c5d027a492b313e07e1a0","","0","0","0","0.015916386643313184","76.1966769413996","4604.40","","","Buyer Withdraw",""
"0x302ee07ae23a365d16a663f6baa3eb380a26d9ad2265ac1d139f0cde4749539c","13544067","1635945395","2021-11-03 13:16:35","0x309d3522f7c3a4fe6ac6bb8a2f3916d24c643df7","0xf1d1a5306daae314af6c5d027a492b313e07e1a0","","0","0","0","0.018784385000543286","89.9266741569509","4604.40","","","Buyer Withdraw",""
"0xc71ad9325b86ccd31fb354bb4a2a6e9b47e3e3d018b024f65903f628aaa8b203","13544088","1635945716","2021-11-03 13:21:56","0x309d3522f7c3a4fe6ac6bb8a2f3916d24c643df7","0xf1d1a5306daae314af6c5d027a492b313e07e1a0","","0","0","0","0.01011464369979756","48.4219349304779","4604.40","","","Buyer Withdraw",""
"0x6bc54ab05cd93c676f4a72c0d18850bf237c63d842f682e549a7db964eadb3b5","13544098","1635945841","2021-11-03 13:24:01","0xd999074f947f9813bdd161fb2452332ac6a4d695","0xf1d1a5306daae314af6c5d027a492b313e07e1a0","","0","0","0","0.017643687218076402","84.4658002559694","4604.40","","","Buyer Withdraw",""
"0xd2693e12a076e29c25c78f0c3a3a61c614162d13221c270343a0bedb3e6af4ef","13544159","1635946683","2021-11-03 13:38:03","0xd999074f947f9813bdd161fb2452332ac6a4d695","0xf1d1a5306daae314af6c5d027a492b313e07e1a0","","0","0","0","0.007475906714501241","35.7894829733989","4604.40","","","Transfer",""
"0x21c028c4dd3aa5a84b9abbfb2a4ca643f4b72d149b89e67b477ac3761d4fb328","13544196","1635947212","2021-11-03 13:46:52","0x6acc3f121e044684463cec32eb0e9d2c047cc607","0xf1d1a5306daae314af6c5d027a492b313e07e1a0","","0","0","0","0.013490292817763496","64.5822137094074","4604.40","","","Buyer Withdraw",""
"0x69a55efcc0e289c56bd69b690dc9a08ad3e4e0d6ae4b2e739046d9d27c73f84d","13544227","1635947618","2021-11-03 13:53:38","0x6acc3f121e044684463cec32eb0e9d2c047cc607","0xf1d1a5306daae314af6c5d027a492b313e07e1a0","","0","0","0","0.011367466","54.41958365646","4604.40","","","Approve",""
"0xbf559c2720c0e3951c41174740f43121669be6cf6d3da28cfd7446593d1d587c","13544231","1635947652","2021-11-03 13:54:12","0xd0e3392a75d4a9721f18db8f6c6caeacdc14370b","0xf1d1a5306daae314af6c5d027a492b313e07e1a0","","0","0","0","0.012649393222604334","60.556566668506","4604.40","","","Buyer Withdraw",""
"0x095bf333505bd5a706a4785aa1b46c1946971ceabd8daaa5c788fe408a46491b","13544270","1635948140","2021-11-03 14:02:20","0x29084db5b53a8d8183d1970fbc0059079cbc29cc","0xf1d1a5306daae314af6c5d027a492b313e07e1a0","","0","0","0","0.012396269942967456","59.3447870606675","4604.40","","","Buyer Withdraw",""
"0xad4b42cc7bd8ff495f60bd796a3dc287aa1b918d647811d8125efc77b879d5e5","13544294","1635948427","2021-11-03 14:07:07","0x648cca9b5304f29873ab5fce6ea64ed10000a4ef","0xf1d1a5306daae314af6c5d027a492b313e07e1a0","","0","0","0","0.01135579677417066","54.3637194549549","4604.40","","","Buyer Withdraw",""
"0x617b4944399356347118b59364224505436a34fb035c7a33cee82a4f9947d657","13544295","1635948460","2021-11-03 14:07:40","0xd0e3392a75d4a9721f18db8f6c6caeacdc14370b","0xf1d1a5306daae314af6c5d027a492b313e07e1a0","","0","0","0","0.007306726850305517","34.9795665177361","4604.40","","","Approve",""
"0x05051d91fbe0a7391df2ce522cb2563b943009d3a762a7722b9d31980df7b36c","13544304","1635948686","2021-11-03 14:11:26","0x5c1cc9b7c3d2526defcb746386bcb49fcfabfcef","0xf1d1a5306daae314af6c5d027a492b313e07e1a0","","0","0","0","0.010455512802818391","50.0537809960605","4604.40","","","Transfer",""
"0x2adca3b437076a897ee7b80ad3dce95e6bf1f98d174925b21b4c060b125ae9b4","13544313","1635948818","2021-11-03 14:13:38","0xc679d468c692a91a15e4ce5d3beaf39788b7194b","0xf1d1a5306daae314af6c5d027a492b313e07e1a0","","0","0","0","0.0090423025","43.288305181275","4604.40","","","Approve",""
"0x9afbd2eaa4da75936296534b2a611f538e153b0ce7b450ed6ca13435720cd1c6","13544319","1635948890","2021-11-03 14:14:50","0x92b793df58702511abac04b39bd573fdbfb1c8ce","0xf1d1a5306daae314af6c5d027a492b313e07e1a0","","0","0","0","0.0088591078","42.411295362018","4604.40","","","Approve",""
"0x88f732a6f322cb61c4e3bb0e82b84f440ad8ba9b90f928c5c955ab1060db2a1e","13544379","1635949773","2021-11-03 14:29:33","0x9c66e555b9f959f4d0feef08975e779572998a13","0xf1d1a5306daae314af6c5d027a492b313e07e1a0","","0","0","0","0.009537239046170727","45.6577198581236","4604.40","","","Transfer",""
"0xee2ccffa04160f0b65b99bf61556fe1a769f3557dfc589784aea327d70317628","13544406","1635950137","2021-11-03 14:35:37","0x64471102b0d8e4b98443c0f7490181a99a0c1e7c","0xf1d1a5306daae314af6c5d027a492b313e07e1a0","","0","0","0","0.01120543211357451","53.6438772116364","4604.40","","","Buyer Withdraw",""
"0x7e7122544304c7af411c27ffc371567d525c29e7b6df02cde5fa4c6d0c676003","13544443","1635950582","2021-11-03 14:43:02","0xfb4334a5704e29df37efc9f16255759670018d9a","0xf1d1a5306daae314af6c5d027a492b313e07e1a0","","0","0","0","0.013774358225992644","65.9421228788768","4604.40","","","Buyer Withdraw",""
"0xcf5b3443845aeb5ee4f4227c98e0760d6cd831fb3976804847300b3185afb61d","13544457","1635950823","2021-11-03 14:47:03","0xcf280df3da6405eabf27e1d85e2c03d3b9047309","0xf1d1a5306daae314af6c5d027a492b313e07e1a0","","0","0","0","0.009082196679293892","43.4792909847504","4604.40","","","Transfer",""
"0x3163f3471461cbe8e790d4972f9b5ab8fbf2a44699aac0a31a274f57eb375b98","13544463","1635950917","2021-11-03 14:48:37","0x64471102b0d8e4b98443c0f7490181a99a0c1e7c","0xf1d1a5306daae314af6c5d027a492b313e07e1a0","","0","0","0","0.008540409359191572","40.8855871293514","4604.40","","","Transfer",""
"0xa039ab76556ccc0019a20f14f4d432df19c027383cb2eadd78ae8d863d328908","13544505","1635951409","2021-11-03 14:56:49","0x0d0707963952f2fba59dd06f2b425ace40b492fe","0xf1d1a5306daae314af6c5d027a492b313e07e1a0","","0","0","0","0.010019449976893311","47.9662130688811","4604.40","","","Transfer",""
"0x80e31e790efcb1445b8a5d83d4def3f22e72da18e4fe4107e1e9ae941209a53e","13544509","1635951463","2021-11-03 14:57:43","0x02b860783d1957f9dc0870185b8bf7714eed9604","0xf1d1a5306daae314af6c5d027a492b313e07e1a0","","0","0","0","0.00657622","31.4824037682","4604.40","","","Approve",""
"0x5474201cfa68752622bb6bbb3ad3c7e8cdca3cefd94a26ff6052bd453e1dccc4","13544576","1635952386","2021-11-03 15:13:06","0x0426324e9408484e2cad0f15ed36747b6267115e","0xf1d1a5306daae314af6c5d027a492b313e07e1a0","","0","0","0","0.0135809740552689","65.0163329045294","4604.40","","","Buyer Withdraw",""
"0xe6d7cbf254a2207074bd3998784535878ba16ec13c3e8557f6dd78ee9f623df9","13544603","1635952645","2021-11-03 15:17:25","0x70031213c95deecfa44a6c438bca25134a292eef","0xf1d1a5306daae314af6c5d027a492b313e07e1a0","","0","0","0","0.010838109326361156","51.885389159182","4604.40","","","Buyer Withdraw",""
"0x9d51f9bb42f8a0830d94bd202bf24e90de99f180c3fd1ea55f210630379fa381","13544634","1635953179","2021-11-03 15:26:19","0xfb4334a5704e29df37efc9f16255759670018d9a","0xf1d1a5306daae314af6c5d027a492b313e07e1a0","","0","0","0","0.00963236965603458","46.1131395780309","4604.40","","","Transfer",""
"0x5ef8a36ce71691580522911208d905a8dd559b4eac54178309389536c9450cc8","13544734","1635954394","2021-11-03 15:46:34","0x0426324e9408484e2cad0f15ed36747b6267115e","0xf1d1a5306daae314af6c5d027a492b313e07e1a0","","0","0","0","0.007890679501534665","37.7751288844919","4604.40","","","Transfer",""
"0x48a961c08e479b2d10b235a84e5e1fea79315f6ec655912e208e12a065561d64","13544734","1635954394","2021-11-03 15:46:34","0x0426324e9408484e2cad0f15ed36747b6267115e","0xf1d1a5306daae314af6c5d027a492b313e07e1a0","","0","0","0","0.007961474619334665","38.114047059887","4604.40","","","Transfer",""
"0x25b32a4910f9302f0b38a1dc2d7d134a6d8e102dbf96ef66734fe85440df7792","13544741","1635954493","2021-11-03 15:48:13","0x0426324e9408484e2cad0f15ed36747b6267115e","0xf1d1a5306daae314af6c5d027a492b313e07e1a0","","0","0","0","0.004211716423164399","20.1627921497792","4604.40","","","Transfer",""
"0x0b6e0d480a89470f27167ef68277b29eb9a27464b4349a5393d9b1abca07173f","13544844","1635955833","2021-11-03 16:10:33","0x70031213c95deecfa44a6c438bca25134a292eef","0xf1d1a5306daae314af6c5d027a492b313e07e1a0","","0","0","0","0.01083511750610799","51.8710663881659","4604.40","","","Buyer Withdraw",""
"0xf490b508237f98ff3c9d072a565eb9935841a093e1688ac1aa4eb96a0c3e5456","13544855","1635956025","2021-11-03 16:13:45","0x602f96bae77348935a63f8609359465f2c6a3760","0xf1d1a5306daae314af6c5d027a492b313e07e1a0","","0","0","0","0.016379263864956762","78.4126136933462","4604.40","","","Buyer Withdraw",""
"0x2e7b819cb9533e44bee2309165ed54b47757dead8ce96df72f70448e4088be49","13544875","1635956199","2021-11-03 16:16:39","0x70031213c95deecfa44a6c438bca25134a292eef","0xf1d1a5306daae314af6c5d027a492b313e07e1a0","","0","0","0","0.008279442","39.63625548102","4604.40","","","Transfer",""
"0xfd832aa1da3e53cb55db6959d50d970ae02e00daf14c3e7d652da559cd80d1b9","13544948","1635957191","2021-11-03 16:33:11","0x0d0707963952f2fba59dd06f2b425ace40b492fe","0xf1d1a5306daae314af6c5d027a492b313e07e1a0","","0","0","0","0.010429956280797315","49.9314340026238","4604.40","","","Transfer",""
"0xbc02db47b894429bb276b43bc2ccd3806fc6e65a4e3c169156424d2ceac606e9","13545009","1635958105","2021-11-03 16:48:25","0xc1ba9285acbae7dc403153f9e5c2b4108ab5acdc","0xf1d1a5306daae314af6c5d027a492b313e07e1a0","","0","0","0","0.010287087","49.24747446597","4604.40","","","Approve",""
"0x1f3a9fa21c6c8f7c3429277947eeb1e271e90c8d72c3406ef9d7df748434b514","13545052","1635958630","2021-11-03 16:57:10","0xd655d84cdfc892f72ed78e48c5eaba04e6a89feb","0xf1d1a5306daae314af6c5d027a492b313e07e1a0","","0","0","0","0.015992579029674654","76.5614335145518","4604.40","","","Buyer Withdraw",""
"0x18ddddf437c71eae4b6f1e547bf611583c4675afeb23f14ac4bcc2ed5fc92356","13545093","1635959162","2021-11-03 17:06:02","0xd655d84cdfc892f72ed78e48c5eaba04e6a89feb","0xf1d1a5306daae314af6c5d027a492b313e07e1a0","","0","0","0","0.00762626036976387","36.5092725307743","4604.40","","","Buyer Withdraw",""
"0xcae759efbe79c71340b0b0b2659e65aebbe0c1ac7ef866806c4329548a9f4e03","13545109","1635959344","2021-11-03 17:09:04","0xd655d84cdfc892f72ed78e48c5eaba04e6a89feb","0xf1d1a5306daae314af6c5d027a492b313e07e1a0","","0","0","0","0.00805157664628065","38.5453933945058","4604.40","","","Buyer Withdraw",""
"0x63e23e783ca101b9bfd32e205d73c1d85667a0630ba33613149ca6d2cad7a11e","13545122","1635959505","2021-11-03 17:11:45","0xd655d84cdfc892f72ed78e48c5eaba04e6a89feb","0xf1d1a5306daae314af6c5d027a492b313e07e1a0","","0","0","0","0.00747580567284507","35.7889992556679","4604.40","","","Transfer",""
"0x14f87a8f7aa8db3de72503ca652567a8719776578299b5bd48b3fbe53ff32d15","13545124","1635959563","2021-11-03 17:12:43","0x8f6854c50763dea74699e03b97369ef050b4ad0d","0xf1d1a5306daae314af6c5d027a492b313e07e1a0","","0","0","0","0.012909124161651186","61.7999791903143","4604.40","","","Buyer Withdraw",""
"0x017d8b4b483bd6c29ade8a5ee6a99423e3b22f61e939fce83f3e5bea66151321","13545459","1635963772","2021-11-03 18:22:52","0x8f6854c50763dea74699e03b97369ef050b4ad0d","0xf1d1a5306daae314af6c5d027a492b313e07e1a0","","0","0","0","0.009845748","47.13464785788","4604.40","","","Transfer",""
"0xeb9c7e5bdfe70bc794159a3fc27521b24ebe353beebe2736b3012c4987ca977b","13545938","1635969774","2021-11-03 20:02:54","0xfb4334a5704e29df37efc9f16255759670018d9a","0xf1d1a5306daae314af6c5d027a492b313e07e1a0","","0","0","0","0.006880091812928667","32.9371323369515","4604.40","","","Transfer",""
"0x6da5c149230b57a2c6bedde18b548f2cea87906cb35bdbb53c43074059a8254a","13546104","1635971878","2021-11-03 20:37:58","0xcec07cf2cace4ea5ca2b65e58b307e9efd2a2845","0xf1d1a5306daae314af6c5d027a492b313e07e1a0","","0","0","0","0.01251501","59.9132325231","4604.40","","","Buyer Withdraw",""
"0x155c4696a706053f0edc98314a364b95161c12b5abaeb36293937e5f2328fd81","13546132","1635972221","2021-11-03 20:43:41","0xcec07cf2cace4ea5ca2b65e58b307e9efd2a2845","0xf1d1a5306daae314af6c5d027a492b313e07e1a0","","0","0","0","0.007763597569184196","37.1667482789312","4604.40","","","Buyer Withdraw",""
"0xed5b97b98f485d8423c37a0e47d88a622f779b2e1f8ca853fbcb007738bc5135","13546153","1635972507","2021-11-03 20:48:27","0xcec07cf2cace4ea5ca2b65e58b307e9efd2a2845","0xf1d1a5306daae314af6c5d027a492b313e07e1a0","","0","0","0","0.00747616612325778","35.7907248435332","4604.40","","","Buyer Withdraw",""
"0x3cad7ab31c1138cee29af9285ba364a54898ee4d052b3bea7b57cf74c15d97f5","13546165","1635972617","2021-11-03 20:50:17","0x309d3522f7c3a4fe6ac6bb8a2f3916d24c643df7","0xf1d1a5306daae314af6c5d027a492b313e07e1a0","","0","0","0","0.006213503986860254","29.745969771336","4604.40","","","Approve",""
"0xe1345dd153acda190fcd949c25b838a1ee9a9a0017029792c5a433e9fcea83c1","13546207","1635973162","2021-11-03 20:59:22","0x309d3522f7c3a4fe6ac6bb8a2f3916d24c643df7","0xf1d1a5306daae314af6c5d027a492b313e07e1a0","","0","0","0","0.006780505168558287","32.4603801984908","4604.40","","","Transfer",""
"0x5ac8ac67b23ce87daca8bd8b8f6d60b9e36232405329149232faaffdf426a6c3","13546293","1635974628","2021-11-03 21:23:48","0x0b33f6729e23a84ee78ed8c07ba19ba05ed09a2e","0xf1d1a5306daae314af6c5d027a492b313e07e1a0","","0","0","0","0.009491248831329601","45.4375504427125","4604.40","","","Approve",""
"0x8c424904b35023f616b492ce0c68151df1969a2b0bb70116cfca669de45212b0","13546298","1635974664","2021-11-03 21:24:24","0x0d0707963952f2fba59dd06f2b425ace40b492fe","0xf1d1a5306daae314af6c5d027a492b313e07e1a0","","0","0","0","0.0119276091","57.101162320521","4604.40","","","Transfer",""
"0x9bc068c2183003603cfa67bdcc6f70636e1ea45ed8bcccd944f63578c344d6b9","13546544","1635978262","2021-11-03 22:24:22","0x0d0707963952f2fba59dd06f2b425ace40b492fe","0xf1d1a5306daae314af6c5d027a492b313e07e1a0","","0","0","0","0.009223819178365341","44.1572817907802","4604.40","","","Transfer",""
"0x056038b0d049e0f023c831a0a64691490d858e866eac155e72a56b73a15a4d7e","13546546","1635978321","2021-11-03 22:25:21","0x13ee642ac134e69e4cb9f279511895380d0d404d","0xf1d1a5306daae314af6c5d027a492b313e07e1a0","","0","0","0","0.008643032","41.37687352392","4604.40","","","Approve",""
"0x9f4fd238a2477a2e997cb37d96d5a1cac948b0c4c970792399ee1e76ec857450","13547132","1635986349","2021-11-04 00:39:09","0x55a7ebca94219935e3702200a0ba9e4527477aa9","0xf1d1a5306daae314af6c5d027a492b313e07e1a0","","0","0","0","0.006805474087647567","32.5799141545361","4536.99","","","Transfer",""
"0x2e18a3d2a374e5205458d6244edd1571b75e837d8fc891f139bfaafabbd5ce35","13547228","1635987677","2021-11-04 01:01:17","0x02b860783d1957f9dc0870185b8bf7714eed9604","0xf1d1a5306daae314af6c5d027a492b313e07e1a0","","0","0","0","0.007852636239877995","37.5930039975303","4536.99","","","Transfer",""
"0xf88a253f628722480c0f79708d9e633dc681586af4b484c504a97cfb7a89d3ea","13547298","1635988613","2021-11-04 01:16:53","0x5b2351b77b629cc85cbb5534be8af73627037a53","0xf1d1a5306daae314af6c5d027a492b313e07e1a0","","0","0","0","0.0069303066754059","33.1775264502374","4536.99","","","Transfer",""
"0xddff8e5790a1183e166fa3c2938958f190646cfe617a3c420bcbf5ba3393b73a","13547795","1635995740","2021-11-04 03:15:40","0x87454fd733173947042457492073484f4b754252","0xf1d1a5306daae314af6c5d027a492b313e07e1a0","","0","0","0","0.010191399676075296","48.789389583272","4536.99","","","Buyer Withdraw",""
"0x5834777966a8e5bb6ab9fef7a8e5c1a124a6069815b78f2f1ae83318a59d971b","13547829","1635996138","2021-11-04 03:22:18","0x87454fd733173947042457492073484f4b754252","0xf1d1a5306daae314af6c5d027a492b313e07e1a0","","0","0","0","0.004852579843043298","23.2308040083996","4536.99","","","Transfer",""
"0xadc0530acd9726f10fd37d10389c2801c6779cefd89d2e895bf64a6b7fdf527e","13548371","1636003728","2021-11-04 05:28:48","0xe5b6338e8c0c775110ee87c121900002ab13dc69","0xf1d1a5306daae314af6c5d027a492b313e07e1a0","","0","0","0","0.011086387303872762","53.0739728037031","4536.99","","","Buyer Withdraw",""
"0x6bd13c4744058fd5e59c173e429a1394f4328b6789b64a06c6a026dee1f1ab47","13548489","1636005195","2021-11-04 05:53:15","0x0d0707963952f2fba59dd06f2b425ace40b492fe","0xf1d1a5306daae314af6c5d027a492b313e07e1a0","","0","0","0","0.006673013177940351","31.9457827168856","4536.99","","","Transfer",""
"0x96895de73d2f87907c1ae37e1ab231d5c230f6add3bba9d298dec9e88d7af550","13548654","1636007566","2021-11-04 06:32:46","0xc42510122346d6881b1e632a1e49e1298c1dfd5a","0xf1d1a5306daae314af6c5d027a492b313e07e1a0","","0","0","0","0.008352185168701302","39.9844995799754","4536.99","","","Buyer Withdraw",""
"0x12c346736e641934992268781c3afac04499bd6b64bdd471e1798224e5425821","13548674","1636007837","2021-11-04 06:37:17","0x01204297db860f097c2902be6d6ac3e654b89c66","0xf1d1a5306daae314af6c5d027a492b313e07e1a0","","0","0","0","0.008708680618863876","41.6911538134932","4536.99","","","Buyer Withdraw",""
"0x3afe7518c388951db3207ad3e075040aec2dac5cd89928ec459a0df9d2d61da0","13548674","1636007837","2021-11-04 06:37:17","0xc42510122346d6881b1e632a1e49e1298c1dfd5a","0xf1d1a5306daae314af6c5d027a492b313e07e1a0","","0","0","0","0.004995170093568612","23.913427740642","4536.99","","","Buyer Withdraw",""
"0xbaf138c563f2983eeb02c0ac3af9d15834a2d5e9bc3f6701901518370103cb65","13548695","1636008062","2021-11-04 06:41:02","0x13ee642ac134e69e4cb9f279511895380d0d404d","0xf1d1a5306daae314af6c5d027a492b313e07e1a0","","0","0","0","0.004691214810912744","22.4582995764307","4536.99","","","Transfer",""
"0x2594645cbfbbc10f9588ca0036d58221dccedab3f32c0b6d89c7f3cf7c9f8b5f","13549233","1636015628","2021-11-04 08:47:08","0xc42510122346d6881b1e632a1e49e1298c1dfd5a","0xf1d1a5306daae314af6c5d027a492b313e07e1a0","","0","0","0","0.005024067859882188","24.0517703062926","4536.99","","","Buyer Withdraw",""
"0x23ab6fc8e1321ead2a15b72eea24568c1f1448bded95ddcbfbb82cffb1a6afbb","13549238","1636015708","2021-11-04 08:48:28","0xc42510122346d6881b1e632a1e49e1298c1dfd5a","0xf1d1a5306daae314af6c5d027a492b313e07e1a0","","0","0","0","0.003453874586522604","16.5347683468055","4536.99","Error(0)","Reverted","Buyer Withdraw",""
"0xa0d3b108076ca931fe030a3e092993c137ad7a63b245d4305e8c46e7f8e540c1","13549398","1636017576","2021-11-04 09:19:36","0xc42510122346d6881b1e632a1e49e1298c1dfd5a","0xf1d1a5306daae314af6c5d027a492b313e07e1a0","","0","0","0","0.004711029571825875","22.5531589794977","4536.99","","","Approve",""
"0xafff1b8a00225e703ebc4191644d202a5550251575d7388093d851cab246eb32","13549505","1636019092","2021-11-04 09:44:52","0x6b2d066926824225d8fd1810cd1ce0aa61657de0","0xf1d1a5306daae314af6c5d027a492b313e07e1a0","","0","0","0","0.002750953138878248","13.1696654712832","4536.99","","","Update Owner",""
"0x89342d5c4f9767b5f08a4b28c1a4ec48507942d1e3269553a01fa26ad26cd37f","13549558","1636019971","2021-11-04 09:59:31","0xdc3e3f316caa2bdf6ccd75f2f91f9f507fe92973","0xf1d1a5306daae314af6c5d027a492b313e07e1a0","","0","0","0","0.00523281","25.0510836411","4536.99","","","Transfer",""
"0xcdbe633179568b863a205f4735aa6fe3f2e0f5797c0e201daa0aebb70e81c56a","13549858","1636024011","2021-11-04 11:06:51","0xb1a0b8d25308977b61f71d2d83dce851a463efb6","0xf1d1a5306daae314af6c5d027a492b313e07e1a0","","0","0","0","0.006725719","32.19810182589","4536.99","","","Approve",""
"0x9f7eaea190927b57e167ff50ba27d3ed7bb3c7f5a995ea9c55c6386e25204c11","13550439","1636031991","2021-11-04 13:19:51","0x8534c93a95ed79a0d0fc496fb4d8c19a6193f0a0","0xf1d1a5306daae314af6c5d027a492b313e07e1a0","","0","0","0","0.009915734474272926","47.4696948060315","4536.99","","","Buyer Withdraw",""
"0x157813a8010a55221a6b1ab1d8a4df9cb3cb463ecab23a089741117ae8eb05a3","13550445","1636032075","2021-11-04 13:21:15","0x1d334137e1f78e07cc5573d855b0923057522242","0xf1d1a5306daae314af6c5d027a492b313e07e1a0","","0","0","0","0.010540877022446574","50.4624459783287","4536.99","","","Buyer Withdraw",""
"0x920bb4185702669d6e5ed926e800bd21c1e95e351affff9e58cb94b436ec17b6","13550461","1636032258","2021-11-04 13:24:18","0x1d334137e1f78e07cc5573d855b0923057522242","0xf1d1a5306daae314af6c5d027a492b313e07e1a0","","0","0","0","0.005926158","28.37035545498","4536.99","","","Approve",""
"0xf28d1f7065590abc0670a115fc25a08a39f32a66dae74d9344ff642fbb72fd0f","13550718","1636035633","2021-11-04 14:20:33","0x8534c93a95ed79a0d0fc496fb4d8c19a6193f0a0","0xf1d1a5306daae314af6c5d027a492b313e07e1a0","","0","0","0","0.006012488858377736","28.7836480366003","4536.99","","","Approve",""
"0xecda52fa5a63ae7daa72a65e0872f2b2c71410064dc2e6c75b8483135fe92a4d","13550832","1636037362","2021-11-04 14:49:22","0x8534c93a95ed79a0d0fc496fb4d8c19a6193f0a0","0xf1d1a5306daae314af6c5d027a492b313e07e1a0","","0","0","0","0.008342622353493501","39.938719419103","4536.99","","","Transfer",""
"0x632e8e3673043f7520749240d17cd8215b5791d29f1d939e160ad83da4923bab","13550965","1636039016","2021-11-04 15:16:56","0x0d0707963952f2fba59dd06f2b425ace40b492fe","0xf1d1a5306daae314af6c5d027a492b313e07e1a0","","0","0","0","0.009893927212148034","47.3652966819884","4536.99","","","Transfer",""
"0x15878866873d61f6af728827d1e7128898235ea8293a61ae1c5ce502059c42fe","13551846","1636051017","2021-11-04 18:36:57","0x0d0707963952f2fba59dd06f2b425ace40b492fe","0xf1d1a5306daae314af6c5d027a492b313e07e1a0","","0","0","0","0.008473972503251079","40.5675333045389","4536.99","","","Transfer",""
"0x80ebea8d2b7933f94e64c2bdce5aa1594f06b37f82138096fb92dbece5bc0d59","13552122","1636054791","2021-11-04 19:39:51","0x0d0707963952f2fba59dd06f2b425ace40b492fe","0xf1d1a5306daae314af6c5d027a492b313e07e1a0","","0","0","0","0.009064879725443058","43.3963893584108","4536.99","","","Transfer",""
"0x9f2ee222b7298a3ade0ae58c47c477ceef77cd4dda39e86a6b7790da799ed9e0","13552273","1636056843","2021-11-04 20:14:03","0x60cb85664081285f7817299b9aa0e0cb37e30bda","0xf1d1a5306daae314af6c5d027a492b313e07e1a0","","0","0","0","0.00715453223812586","34.2509637289023","4536.99","","","Approve",""
"0xa1e01f23bbc0b7d9428b75c86afb2fae96d7d69659b7ac8d1bdb7b1d7e4f79dd","13552493","1636059901","2021-11-04 21:05:01","0x0d0707963952f2fba59dd06f2b425ace40b492fe","0xf1d1a5306daae314af6c5d027a492b313e07e1a0","","0","0","0","0.007395080856981144","35.4025445374344","4536.99","","","Transfer",""
"0xcf23b2d6a9f7d7b815d1b51b18b40dcbd6edd5bf3c40a2dd083a4ddb3beed5c9","13552559","1636060573","2021-11-04 21:16:13","0xb1074ee0d9e188504c9f481ddef6802a3ff5d3c8","0xf1d1a5306daae314af6c5d027a492b313e07e1a0","","0","0","0","0.0080191265","38.390044484715","4536.99","","","Approve",""
"0x5c25eacbc58a662bae6de060c939309113a3d1c7340d4b3cea3519f148f040be","13552800","1636063951","2021-11-04 22:12:31","0xf0b776fb1b35fd32d649e34c95deea7ab883cb2a","0xf1d1a5306daae314af6c5d027a492b313e07e1a0","","0","0","0","0.01175825","56.2903878075","4536.99","","","Approve",""
"0x4fa9c867a7c4d6c5a00b216b6225e9b50b1224d4440b95630cde9f4b9b391041","13552909","1636065547","2021-11-04 22:39:07","0x0d0707963952f2fba59dd06f2b425ace40b492fe","0xf1d1a5306daae314af6c5d027a492b313e07e1a0","","0","0","0","0.008596618690591392","41.1546786236551","4536.99","","","Transfer",""
"0xec570eabf44bd9fa4580783f327aedf4d01152282b3f88297a1de865fdd38d1b","13552939","1636065969","2021-11-04 22:46:09","0x0d0707963952f2fba59dd06f2b425ace40b492fe","0xf1d1a5306daae314af6c5d027a492b313e07e1a0","","0","0","0","0.005739397229044422","27.4762737485767","4536.99","","","Transfer",""
"0x1e35b1b6026de957dffc5b84941073c0d6edba0e424eaeeed2eb01a4ba58ad07","13553098","1636068156","2021-11-04 23:22:36","0x438ee75b1ed112b676f041ecc0677d9da7bab78f","0xf1d1a5306daae314af6c5d027a492b313e07e1a0","","0","0","0","0.009556255919361972","45.7487595253208","4536.99","","","Buyer Withdraw",""
"0x3eef8917a60529c72b44fa7a0cc4535b2eccb9a88531b27abbd14179e2c6f709","13553125","1636068449","2021-11-04 23:27:29","0x438ee75b1ed112b676f041ecc0677d9da7bab78f","0xf1d1a5306daae314af6c5d027a492b313e07e1a0","","0","0","0","0.006772752","32.42326337712","4536.99","","","Approve",""
"0xf4e8525d345d0b6d414ebbc9aed2ecc7db1ec1887c477a84d1c0a0f7cf87b3b7","13553408","1636072491","2021-11-05 00:34:51","0x648cca9b5304f29873ab5fce6ea64ed10000a4ef","0xf1d1a5306daae314af6c5d027a492b313e07e1a0","","0","0","0","0.007215546337412787","34.5430571365596","4480.09","","","Transfer",""
"0x1c81b0713b37464e39994950c42a37d7006b97df21a98be0bf7c4d5d9625f78d","13555330","1636098046","2021-11-05 07:40:46","0x80780194a830df4ead5541db3a410d592a0094a6","0xf1d1a5306daae314af6c5d027a492b313e07e1a0","","0","0","0","0.004899425761546809","23.4550699425107","4480.09","","","Transfer",""
"0x670fb10022203e38e425760bb7b1804e1cca423c5563d1338549218760b26de5","13555644","1636102610","2021-11-05 08:56:50","0x0d0707963952f2fba59dd06f2b425ace40b492fe","0xf1d1a5306daae314af6c5d027a492b313e07e1a0","","0","0","0","0.004760185391558727","22.788483126863","4480.09","","","Transfer",""
"0xdd5ec050c7c33459a37a9d8629b872dbb992930c4eff3bec41af3313c7d2c3d9","13555658","1636102798","2021-11-05 08:59:58","0xfebcec5a61d69fc6b7c9d5432427ad9c47724f77","0xf1d1a5306daae314af6c5d027a492b313e07e1a0","","0","0","0","0.0046327505","22.178412796155","4480.09","","","Approve",""
"0x1dad5cc0abf393ccabc42f186ae6fe35404a9a688760c86f8ad8fc18c2af8ea8","13555806","1636104633","2021-11-05 09:30:33","0xd0740e7918a0d4e953692477eccdf5fcfd8e836d","0xf1d1a5306daae314af6c5d027a492b313e07e1a0","","0","0","0","0.006941366163282792","33.2304716471453","4480.09","","","Buyer Withdraw",""
"0x622e625a6a256ce368d955c23b3305a0581c4f66704922f9c39d6ea5bdbc561c","13556231","1636110534","2021-11-05 11:08:54","0xe5b6338e8c0c775110ee87c121900002ab13dc69","0xf1d1a5306daae314af6c5d027a492b313e07e1a0","","0","0","0","0.002929436051642748","14.0241185043898","4480.09","","","Transfer",""
"0xc075fc117aee338dce02e882c0ddb7dc82df84335418cd75033a7ae6aa62d9b0","13556348","1636112020","2021-11-05 11:33:40","0x473f01822ac48ca2f338bff098ebed60ef8ca656","0xf1d1a5306daae314af6c5d027a492b313e07e1a0","","0","0","0","0.004985498","23.86712443038","4480.09","","","Approve",""
"0x464c5668787cd50c7ba154616cd1ea30d3377c9efa376de7c14e41ea8e1a02c6","13557065","1636121436","2021-11-05 14:10:36","0x7ca79b7a0afa8a4ff27a3f4854abd11a1540d809","0xf1d1a5306daae314af6c5d027a492b313e07e1a0","","0","0","0","0.01117667757737637","53.5062203329497","4480.09","","","Buyer Withdraw",""
"0x11975f76928c794fd41e91fa1248612e9862e834679ebc15ccc044981d21125a","13557074","1636121665","2021-11-05 14:14:25","0x7ca79b7a0afa8a4ff27a3f4854abd11a1540d809","0xf1d1a5306daae314af6c5d027a492b313e07e1a0","","0","0","0","0.008294043926819875","39.7061594313041","4480.09","","","Approve",""
"0xad536dd1bc044b79816bc4dca6bd0ceaf2456af6c050b095353353ecf88e9e7d","13557630","1636129191","2021-11-05 16:19:51","0x0444ad5f72d3a63fff5992d07afe4beca1ba9810","0xf1d1a5306daae314af6c5d027a492b313e07e1a0","","0","0","0","0.007415112232519544","35.4984409418631","4480.09","","","Set Buyer Tokens",""
"0xac2b725b98287200c16f0973acdd3f68303ec90a1f560c00b0de0d0b1af522b1","13557670","1636129623","2021-11-05 16:27:03","0x312c5a8ca8376976fb34f854c132eee2c295367d","0xf1d1a5306daae314af6c5d027a492b313e07e1a0","","0","0","0","0.01149966677629413","55.0524697548207","4480.09","","","Buyer Withdraw",""
"0xe5249d16c192733b65222116a3218d467116e25bbf7a1060dc93ea8ecf09a46f","13557693","1636129839","2021-11-05 16:30:39","0x312c5a8ca8376976fb34f854c132eee2c295367d","0xf1d1a5306daae314af6c5d027a492b313e07e1a0","","0","0","0","0.010253194","49.08521816814","4480.09","","","Approve",""
"0x160b997f5f8f84435be62855483a6f111bf56d9389c4c55394bad5d5a8da457f","13559010","1636147761","2021-11-05 21:29:21","0x13ee642ac134e69e4cb9f279511895380d0d404d","0xf1d1a5306daae314af6c5d027a492b313e07e1a0","","0","0","0","0.003356016887171529","16.0662932041251","4480.09","","","Transfer",""
"0xae5adb1992a77ed0e4b0b1876051248ce68fff24e011179baf37b9fe893e32fd","13559804","1636158212","2021-11-06 00:23:32","0x7e2a384c93c31e00bd8a2156bef419f8076a5f74","0xf1d1a5306daae314af6c5d027a492b313e07e1a0","","0","0","0","0.006020224","28.82067855744","4521.41","","","Approve",""
"0xa37f112255d2f5f98cc2b40c7c7204b579d18d57dacdd0888407a8fa804d4eb8","13560420","1636166601","2021-11-06 02:43:21","0x7f8c6bc33e482dba5f2ba175cf1f3dde25406493","0xf1d1a5306daae314af6c5d027a492b313e07e1a0","","0","0","0","0.00505077654203298","24.1796330474399","4521.41","","","Transfer",""
"0x6773a8c03752c4d9d7897b48f2fd8ecf34cb70bfbe5ccf00acce24c0675b83f1","13560727","1636170792","2021-11-06 03:53:12","0x01204297db860f097c2902be6d6ac3e654b89c66","0xf1d1a5306daae314af6c5d027a492b313e07e1a0","","0","0","0","0.004567165407812317","21.864436628474","4521.41","","","Approve",""
"0xadf854bfa633ca768f0afcf01d9e6b4c57468227accc697da6411ca3ceac0d34","13560964","1636173789","2021-11-06 04:43:09","0xe05095509f370b90898f6ad907de8b2f651ee47e","0xf1d1a5306daae314af6c5d027a492b313e07e1a0","","0","0","0","0.0051030805","24.430028308455","4521.41","","","Approve",""
"0xa53cd4b5016a75984c2a29aeb8c2111900a97c8a792732f18e8d100e8093e109","13561505","1636181120","2021-11-06 06:45:20","0xd0c9fecc2902a23370fc3b412aff82f4d64f0d55","0xf1d1a5306daae314af6c5d027a492b313e07e1a0","","0","0","0","0.006685372966959384","32.0049528584543","4521.41","","","Buyer Withdraw",""
"0x7d71836b2ff1eda5424b9c081d82ae8d7ab6174277cb75bc45acd752760808b8","13561527","1636181442","2021-11-06 06:50:42","0xd0c9fecc2902a23370fc3b412aff82f4d64f0d55","0xf1d1a5306daae314af6c5d027a492b313e07e1a0","","0","0","0","0.00428982291232605","20.5367121264076","4521.41","","","Transfer",""
"0x47b8f5703040be35fbfe2f923e20f400162caa182af4a92794ef1ec86415f370","13561531","1636181512","2021-11-06 06:51:52","0xd0c9fecc2902a23370fc3b412aff82f4d64f0d55","0xf1d1a5306daae314af6c5d027a492b313e07e1a0","","0","0","0","0.0046327505","22.178412796155","4521.41","","","Approve",""
"0xd1943e92bf8ce78dba29404a64bda7f986ff3b9190a5ddb7d60f10916857d3ab","13563482","1636208828","2021-11-06 14:27:08","0x3c8a05355aea473ccc69a2d23ced73be4fbd9860","0xf1d1a5306daae314af6c5d027a492b313e07e1a0","","0","0","0","0.008324841","39.85359456771","4521.41","","","Approve",""
"0x51fc91c0c64a956ba70ff5628c34a080e04caebeeff6c74a4ba7f3a9c1c1f39d","13564319","1636219817","2021-11-06 17:30:17","0x0d0707963952f2fba59dd06f2b425ace40b492fe","0xf1d1a5306daae314af6c5d027a492b313e07e1a0","","0","0","0","0.00714710672769258","34.21541550855","4521.41","","","Transfer",""
"0x4ed5e9f570cba172f40d07ffe5914348b6b76dd6d4b7e60dea7ca6f0aa34f3ef","13564535","1636222726","2021-11-06 18:18:46","0xac05576e5a1dedca72ae11b6c94bbf79a500f6ab","0xf1d1a5306daae314af6c5d027a492b313e07e1a0","","0","0","0","0.005785059","27.69487080129","4521.41","","","Approve",""
"0x0d0b5a9b08d8ac05529ad6b2e56c9651d43b01395ed27f56e34e99496c511539","13565346","1636233877","2021-11-06 21:24:37","0x0d0707963952f2fba59dd06f2b425ace40b492fe","0xf1d1a5306daae314af6c5d027a492b313e07e1a0","","0","0","0","0.005220069982967385","24.9900932301596","4521.41","","","Transfer",""
"0x578fcb52508146eb7984d277c82572068a525492fe3b37011daac0528279db75","13565563","1636236616","2021-11-06 22:10:16","0x0d0707963952f2fba59dd06f2b425ace40b492fe","0xf1d1a5306daae314af6c5d027a492b313e07e1a0","","0","0","0","0.005265021015912735","25.2052877596892","4521.41","","","Transfer",""
"0x428b4dc1cc8279dfe72465f57c67741bd0b4586ce48bf64d4589102eba8fc8bb","13565615","1636237348","2021-11-06 22:22:28","0x13ee642ac134e69e4cb9f279511895380d0d404d","0xf1d1a5306daae314af6c5d027a492b313e07e1a0","","0","0","0","0.002948591960549298","14.1158237786573","4521.41","","","Transfer",""
"0xa9194b349c45c74f9b1ff5e6f2507a2ef4667874fc887c63be006e14e78aff8a","13566433","1636248060","2021-11-07 01:21:00","0x34966114f9fb465a5433c8b6b5e815f58a92421b","0xf1d1a5306daae314af6c5d027a492b313e07e1a0","","0","0","0","0.0045857175","21.953251244925","4617.13","","","Approve",""
"0x94a816ff0a2af2d9dd26b3051cea481793caf20cc6f6fa8ff22361e63741c619","13566965","1636255473","2021-11-07 03:24:33","0x0b33f6729e23a84ee78ed8c07ba19ba05ed09a2e","0xf1d1a5306daae314af6c5d027a492b313e07e1a0","","0","0","0","0.003369793776781581","16.1322474455242","4617.13","","","Transfer",""
"0x27c3031a99881f314609b762ccefbb7a04540e3ecbfe1bb2cf7f2531e742e455","13566973","1636255568","2021-11-07 03:26:08","0x02b860783d1957f9dc0870185b8bf7714eed9604","0xf1d1a5306daae314af6c5d027a492b313e07e1a0","","0","0","0","0.00262934320085412","12.5874809988809","4617.13","","","Transfer",""
"0xd2904c8264a10ea18fbcf85342877f2f49333e9d93940e4fc7bca0bab4b681b1","13567099","1636257172","2021-11-07 03:52:52","0xe7e418c61e807472c34ef7e8d23cf7f35c7a25de","0xf1d1a5306daae314af6c5d027a492b313e07e1a0","","0","0","0","0.00423297","20.2645396107","4617.13","","","Approve",""
"0xdff5567399d9fc594f1c30e752b25a8707229b9b8bf4beebbe24b7b6bf46e0f6","13568148","1636271411","2021-11-07 07:50:11","0x0d0707963952f2fba59dd06f2b425ace40b492fe","0xf1d1a5306daae314af6c5d027a492b313e07e1a0","","0","0","0","0.004204181895015723","20.1267220278277","4617.13","","","Transfer",""
"0x66449f8cef9175a5ea69006907b77f7ae8b2e9a8498fbee32ca4efa30b87b3c2","13568248","1636272881","2021-11-07 08:14:41","0xd999074f947f9813bdd161fb2452332ac6a4d695","0xf1d1a5306daae314af6c5d027a492b313e07e1a0","","0","0","0","0.004844399","23.19163977669","4617.13","","","Approve",""
"0x777f2b7c087b31ebb151f3db60aa6a62f88cb8b58b57596d83b46c0299129aff","13568843","1636280898","2021-11-07 10:28:18","0x6a104d55ebc2cea43e1688e7b75881fe81e0ff34","0xf1d1a5306daae314af6c5d027a492b313e07e1a0","","0","0","0","0.005588159778429618","26.7522531888739","4617.13","","","Buyer Withdraw",""
"0x4ad9f499e29599343be5c1085bc731b94841b5f869f7afe3f097fedafe607934","13568932","1636282202","2021-11-07 10:50:02","0x6a104d55ebc2cea43e1688e7b75881fe81e0ff34","0xf1d1a5306daae314af6c5d027a492b313e07e1a0","","0","0","0","0.004008832483014819","19.1915238342617","4617.13","","","Transfer",""
"0x9c55a7e83334c74be06ff3c332b67ea95ece19991087bc7f24d9938b307d1473","13569160","1636285274","2021-11-07 11:41:14","0x96f89b37334dba99b867ab812c1bbdf2e2103d23","0xf1d1a5306daae314af6c5d027a492b313e07e1a0","","0","0","0","0.006701034386023938","32.0799289265563","4617.13","","","Buyer Withdraw",""
"0x0fa484499cf190bb541e222b2d1fae88086ae0dc68f2b5b68cd035e33e91903a","13569511","1636290336","2021-11-07 13:05:36","0xf5ed196a3ce4376459eae1a0bee9a3284baa4dec","0xf1d1a5306daae314af6c5d027a492b313e07e1a0","","0","0","0","0.007970323591184094","38.1564098313115","4617.13","","","Buyer Withdraw",""
"0x96497b1c266bfcfc355bbf4305ac6274cff58d857b580dd8a83424f6b709a99a","13569518","1636290440","2021-11-07 13:07:20","0xf5ed196a3ce4376459eae1a0bee9a3284baa4dec","0xf1d1a5306daae314af6c5d027a492b313e07e1a0","","0","0","0","0.004421102","21.16518581562","4617.13","","","Approve",""
"0x0763dded8f63101ea85c8cf6fe1db4bed44230a0658b6b9060a6de263263fd8a","13569746","1636293285","2021-11-07 13:54:45","0x13ee642ac134e69e4cb9f279511895380d0d404d","0xf1d1a5306daae314af6c5d027a492b313e07e1a0","","0","0","0","0.002485742962354236","11.9000221411081","4617.13","","","Transfer",""
"0x2a3df8178bf873971b9394ee5017a51c3e6ab4963ed9d04072c765a861002ae0","13572142","1636324762","2021-11-07 22:39:22","0x0444ad5f72d3a63fff5992d07afe4beca1ba9810","0xf1d1a5306daae314af6c5d027a492b313e07e1a0","","0","0","0","0.006923835363507475","33.146546274073","4617.13","","","Set Buyer Tokens",""
"0xcfce033d6b12d953781541db3922339aef7bd2df6ed6678e7b49a86f07a4d508","13572156","1636324918","2021-11-07 22:41:58","0x0444ad5f72d3a63fff5992d07afe4beca1ba9810","0xf1d1a5306daae314af6c5d027a492b313e07e1a0","","0","0","0","0.006028951471610536","28.8624596695558","4617.13","","","Set Buyer Tokens",""
"0xa2adfe7bc4e5c9d42f825dc3aaed4f9c0e859c0e6505f194080f078f41b0b525","13572156","1636324918","2021-11-07 22:41:58","0x0444ad5f72d3a63fff5992d07afe4beca1ba9810","0xf1d1a5306daae314af6c5d027a492b313e07e1a0","","0","0","0","0.006028951471610536","28.8624596695558","4617.13","","","Set Buyer Tokens",""
"0x31d00260077dd46d0836b6dfdfdb16b26a0e5af8ffa9b12da1b1db991a1bff4c","13572159","1636324943","2021-11-07 22:42:23","0x0444ad5f72d3a63fff5992d07afe4beca1ba9810","0xf1d1a5306daae314af6c5d027a492b313e07e1a0","","0","0","0","0.005711028573502994","27.3404642002166","4617.13","","","Set Buyer Tokens",""
"0x02df130790f7809fda17107aed7d43f99d9bcf2746949c5603c1745915faf54b","13572160","1636324944","2021-11-07 22:42:24","0x0444ad5f72d3a63fff5992d07afe4beca1ba9810","0xf1d1a5306daae314af6c5d027a492b313e07e1a0","","0","0","0","0.005109908933131961","24.462718134672","4617.13","","","Set Buyer Tokens",""
"0x52dacb3f29759e8e3660cf4a31ee399cdb221c51fb19809dbab0688c66473bdf","13572362","1636327834","2021-11-07 23:30:34","0x5e39f3de509d6314f6abe43425a5acfffe17e0b1","0xf1d1a5306daae314af6c5d027a492b313e07e1a0","","0","0","0","0.008353213323086016","39.9894216737429","4617.13","","","Buyer Withdraw",""
"0x7374d8bc16947f12979c48163a8e7c80e76f85db5b7c41b853344eb077b73888","13572375","1636327998","2021-11-07 23:33:18","0x5e39f3de509d6314f6abe43425a5acfffe17e0b1","0xf1d1a5306daae314af6c5d027a492b313e07e1a0","","0","0","0","0.003582590619019671","17.1509718963391","4617.13","","","Transfer",""
"0xb7f8572707852bd4a8e5958917d0cc6c9a00911e514966f9920ca54dd15911f7","13573519","1636343761","2021-11-08 03:56:01","0x133e24f28adc505488515298e1b7f13fe4fbf107","0xf1d1a5306daae314af6c5d027a492b313e07e1a0","","0","0","0","0.00611537315197041","29.2761870441595","4810.97","","","Transfer",""
"0x06cdf4cf966f9e66dffa72290ba2014778d7d1d2b377a855e12f2f56cd81dcc0","13573965","1636349473","2021-11-08 05:31:13","0xa33abd1a3980afbd7e6ffbbabe30db89f317d4d2","0xf1d1a5306daae314af6c5d027a492b313e07e1a0","","0","0","0","0.004273321626750771","20.4577153569602","4810.97","","","Transfer",""
"0x7e24d29444ce071d490c5395a322154af17ff0092c00e3354d22ff5230e32f53","13574704","1636359761","2021-11-08 08:22:41","0x02b860783d1957f9dc0870185b8bf7714eed9604","0xf1d1a5306daae314af6c5d027a492b313e07e1a0","","0","0","0","0.0028714865584962","13.7466963163544","4810.97","","","Transfer",""
"0x1f00b17f731b7613feaf1766fa0e74ee5a2320a1c598e720d41ee9102a1c7d63","13574859","1636362079","2021-11-08 09:01:19","0x06f7f8b6acee6eb0a1bcf0045b5f47bc1aafe982","0xf1d1a5306daae314af6c5d027a492b313e07e1a0","","0","0","0","0.004884032088418122","23.381375657205","4810.97","","","Transfer",""
"0x3f8101623c03addc59c78be81db32f1aa8be9845b0f098f2c2228d6ed0a4ba09","13576204","1636380196","2021-11-08 14:03:16","0x0d0707963952f2fba59dd06f2b425ace40b492fe","0xf1d1a5306daae314af6c5d027a492b313e07e1a0","","0","0","0","0.0055892661","26.757549493191","4810.97","","","Transfer",""
"0xa999e3bf31b6f9e86f3222d885d8b716db4b4e66ed94852c709a2e9338f630a6","13576747","1636387673","2021-11-08 16:07:53","0x13ee642ac134e69e4cb9f279511895380d0d404d","0xf1d1a5306daae314af6c5d027a492b313e07e1a0","","0","0","0","0.004513082500382505","21.6055249849062","4810.97","","","Transfer",""
"0x8e5426206c13f6e7314b0d40e06ff9b6f4b2adc2e4cd12e3b4035e540c5d8448","13580229","1636434387","2021-11-09 05:06:27","0x13ee642ac134e69e4cb9f279511895380d0d404d","0xf1d1a5306daae314af6c5d027a492b313e07e1a0","","0","0","0","0.004737691258019208","22.6807967364279","","","","Transfer",""
"0x497699f953d47a71188acf8e1facf37c6e5f341fa99d273370fdcb598b1a92bb","13581920","1636457928","2021-11-09 11:38:48","0x0444ad5f72d3a63fff5992d07afe4beca1ba9810","0xf1d1a5306daae314af6c5d027a492b313e07e1a0","","0","0","0","0.006419656024109881","30.7328834807815","","","","Set Buyer Tokens",""
"0x8dcffb9367ca0b4dddb49af90a2fb2f637405e5e8541d8c6ce5c4180268514ab","13581920","1636457928","2021-11-09 11:38:48","0x0444ad5f72d3a63fff5992d07afe4beca1ba9810","0xf1d1a5306daae314af6c5d027a492b313e07e1a0","","0","0","0","0.005923014185359453","28.3553050397132","","Error(0)","Reverted","Set Buyer Tokens",""
"0x63e96795d5ae70ea6b295d4f97a8a226eb58618d981596888047a5929185586c","13581920","1636457928","2021-11-09 11:38:48","0x0444ad5f72d3a63fff5992d07afe4beca1ba9810","0xf1d1a5306daae314af6c5d027a492b313e07e1a0","","0","0","0","0.005923014185359453","28.3553050397132","","Error(0)","Reverted","Set Buyer Tokens",""
"0xf73dc7fa450ee220d52b16c370443227db28572e02383c6479e0b070ed560ac0","13581920","1636457928","2021-11-09 11:38:48","0x0444ad5f72d3a63fff5992d07afe4beca1ba9810","0xf1d1a5306daae314af6c5d027a492b313e07e1a0","","0","0","0","0.005923014185359453","28.3553050397132","","Error(0)","Reverted","Set Buyer Tokens",""
